223.188.204.169,74.125.236.184,7720,0.000000000,3.1507,7 objects with url like http://www.google.co.in/m/gne/suggest/v2?q=g&hl=en...
223.188.204.169,74.125.236.21,1677,4.287535000,2.6834,1 objects with url like http://gmail.com/...
223.188.204.169,74.125.236.21,492,4.381349000,2.4037,No objects fetched
223.188.204.169,74.125.236.21,2720,4.725930000,3.9755,1 objects with url like http://mail.google.com/mail/...
223.188.204.169,74.125.135.84,8208,5.446209000,50.1783,No objects fetched
223.188.204.169,74.125.236.21,50446,6.810727000,47.6339,No objects fetched
223.188.204.169,74.125.236.178,7516,10.716019000,0.4229,1 objects with url like http://www.google.com/images/icons/apps/googlemail...
223.188.204.169,74.125.236.178,5750,12.018829000,42.9855,No objects fetched
223.188.204.169,173.194.72.188,275,30.580800000,0.0002,No objects fetched
223.188.204.169,74.125.236.2,5363,31.642266000,1.5471,No objects fetched
