2,0.000056000,0.000056000
4,0.004422000,0.000421000
6,0.174968000,0.164564000
8,3.463686000,0.000230000
11,4.958400000,1.208035000
12,4.959323000,0.000923000
13,4.959416000,0.953471000
14,4.959648000,0.000232000
16,5.673422000,0.710082000
18,6.158569000,0.000399000
23,6.452248000,0.185282000
24,6.452544000,0.000296000
26,6.612553000,0.177371000
27,6.612920000,0.000367000
29,6.692638000,0.231484000
30,6.693183000,0.000545000
32,7.052409000,0.438144000
34,7.328702000,0.000252000
35,7.331581000,0.368904000
36,7.331816000,0.000235000
40,10.694105000,1.728962000
41,10.694680000,0.000575000
42,10.694877000,1.730103000
43,10.695170000,0.000293000
45,11.294764000,0.326723000
46,11.295189000,0.000425000
50,13.497235000,0.060327000
51,13.497564000,0.000329000
53,13.969138000,0.470197000
55,13.970043000,0.000211000
57,13.970330000,0.000182000
59,13.970528000,0.000159000
61,13.970714000,0.000150000
63,13.978246000,0.000452000
69,14.178942000,0.000170000
71,14.179022000,0.000041000
73,14.179070000,0.000037000
75,14.179112000,0.000035000
77,14.179172000,0.000051000
79,14.179210000,0.000031000
81,14.179245000,0.000028000
83,14.179282000,0.000029000
85,14.179318000,0.000027000
87,14.179356000,0.000032000
89,14.186629000,0.000252000
91,14.266507000,0.000156000
93,14.288470000,0.000146000
95,14.296850000,0.000224000
97,14.316721000,0.000136000
98,14.316754000,0.168954000
99,14.316847000,0.000093000
100,14.316862000,0.154504000
101,14.316907000,0.000045000
102,14.316915000,0.165746000
103,14.316957000,0.000042000
104,14.316966000,0.154287000
105,14.317003000,0.000037000
111,14.338597000,0.000126000
113,14.367012000,0.000208000
116,14.387503000,0.000138000
119,14.416404000,0.000086000
122,14.436252000,0.000081000
128,14.476863000,0.000082000
130,14.476902000,0.159253000
131,14.476950000,0.000065000
134,14.485058000,0.000109000
138,14.505094000,0.000116000
140,14.516879000,0.000203000
142,14.549414000,0.000137000
144,14.585181000,0.000151000
146,14.601532000,0.000192000
148,14.617463000,0.000211000
150,14.631466000,0.000182000
152,14.646739000,0.000199000
154,14.656576000,0.000171000
155,14.656622000,0.338518000
157,14.667527000,0.000177000
159,14.689334000,0.000170000
160,14.689383000,0.371024000
163,14.705336000,0.000164000
164,14.705534000,0.386954000
165,14.705620000,0.265587000
166,14.705714000,0.000094000
169,14.717888000,0.000170000
171,14.718865000,0.256747000
172,14.719043000,0.000178000
174,14.731236000,0.253308000
176,14.741597000,0.000168000
177,14.741642000,0.250696000
178,14.741752000,0.000110000
182,14.767745000,0.000250000
184,14.786607000,0.000175000
186,14.796700000,0.000158000
188,14.797631000,0.000149000
189,14.826569000,0.135643000
191,14.836824000,0.000200000
193,14.892215000,0.035270000
195,14.893509000,0.000125000
197,14.911337000,0.000127000
198,14.911471000,0.191696000
199,14.911599000,0.000128000
201,14.926382000,0.217790000
203,14.936922000,0.000158000
206,14.946793000,0.000200000
212,14.975087000,0.000123000
215,15.006243000,0.000064000
218,15.016510000,0.000031000
219,15.018795000,0.275739000
220,15.018865000,0.000070000
221,15.018879000,0.105643000
224,15.026341000,0.000045000
227,15.065210000,0.000103000
230,15.093287000,0.000124000
233,15.137799000,0.000239000
234,15.137885000,0.179427000
235,15.138105000,0.000220000
243,15.178912000,0.000268000
246,15.187325000,0.000321000
249,15.197015000,0.000257000
252,15.206841000,0.000103000
254,15.206895000,0.187677000
256,15.206983000,0.000045000
259,15.216434000,0.000140000
262,15.226918000,0.000082000
264,15.226999000,0.000057000
266,15.236453000,0.000103000
267,15.242156000,0.035287000
269,15.246398000,0.000069000
271,15.256923000,0.000200000
273,15.257312000,0.000118000
275,15.266520000,0.000186000
277,15.286791000,0.000182000
278,15.286833000,0.140509000
279,15.286943000,0.000110000
280,15.286959000,0.141835000
283,15.296729000,0.000154000
285,15.316562000,0.000145000
287,15.333277000,0.000115000
289,15.343007000,0.000115000
291,15.351265000,0.000101000
293,15.356549000,0.000141000
295,15.371479000,0.000172000
297,15.387325000,0.000131000
299,15.387424000,0.000066000
301,15.403979000,0.000165000
302,15.404028000,0.260871000
303,15.404148000,0.000120000
304,15.404167000,0.193252000
305,15.404261000,0.000094000
306,15.404287000,0.186470000
307,15.404373000,0.000086000
308,15.404396000,0.115772000
311,15.416533000,0.000117000
313,15.431395000,0.000109000
315,15.437314000,0.000121000
317,15.437595000,0.000111000
319,15.456615000,0.000168000
321,15.466531000,0.000178000
324,15.477543000,0.000132000
326,15.501428000,0.000131000
328,15.536655000,0.000115000
330,15.546438000,0.000139000
332,15.565357000,0.000168000
334,15.573082000,0.000158000
336,15.585240000,0.000196000
338,15.606705000,0.000212000
340,15.616571000,0.000197000
343,15.661506000,0.000202000
346,15.677125000,0.000212000
347,15.677351000,0.271514000
349,15.686781000,0.000210000
351,15.687314000,0.000128000
353,15.696769000,0.000186000
355,15.703141000,0.000139000
357,15.716952000,0.000183000
359,15.717319000,0.000141000
361,15.726823000,0.000163000
363,15.727301000,0.000116000
365,15.736950000,0.000216000
367,15.737538000,0.000151000
368,15.737732000,0.270353000
370,15.777269000,0.039537000
371,15.846217000,0.071935000
372,15.846350000,0.000133000
392,15.945062000,0.076065000
393,15.945196000,0.000134000
396,15.966407000,0.000092000
399,15.986281000,0.000093000
403,16.007361000,0.000657000
406,16.016336000,0.141769000
407,16.016487000,0.000151000
409,16.026348000,0.151250000
410,16.026489000,0.000141000
412,16.031150000,0.000133000
414,16.046339000,0.170763000
416,16.056607000,0.000160000
419,16.086653000,0.000150000
422,16.096257000,0.000086000
426,16.161171000,0.000096000
429,16.221556000,0.000096000
431,16.222576000,0.000994000
432,16.244931000,0.367391000
433,16.245048000,0.000117000
435,16.256619000,0.000104000
437,16.256683000,0.000036000
439,16.266391000,0.387101000
441,16.266623000,0.000081000
443,16.277190000,0.000127000
445,16.277245000,0.000030000
446,16.277254000,0.396532000
449,16.291131000,0.000082000
451,16.303268000,0.000084000
452,16.303290000,0.422032000
453,16.303322000,0.417699000
454,16.303370000,0.000048000
455,16.303378000,0.417569000
456,16.303419000,0.000041000
457,16.303426000,0.417487000
458,16.303462000,0.000036000
459,16.303474000,0.420647000
460,16.303514000,0.000040000
461,16.303525000,0.420857000
462,16.303561000,0.000036000
470,16.319062000,0.000100000
472,16.336302000,0.000106000
474,16.347171000,0.000105000
476,16.347225000,0.000030000
477,16.347233000,0.458958000
478,16.347284000,0.000051000
479,16.347294000,0.458510000
480,16.347332000,0.000038000
481,16.347341000,0.458889000
482,16.347378000,0.000037000
483,16.347388000,0.458704000
484,16.347431000,0.000043000
485,16.347465000,0.458893000
486,16.347512000,0.000047000
493,16.366500000,0.358131000
495,16.377051000,0.000105000
497,16.383489000,0.000673000
498,16.396687000,0.378747000
500,16.416452000,0.000116000
503,16.426569000,0.000041000
505,16.436457000,0.428739000
506,16.436572000,0.000115000
507,16.436593000,0.404768000
508,16.436636000,0.317651000
509,16.436678000,0.000042000
511,16.436741000,0.000051000
513,16.436782000,0.000029000
515,16.439686000,0.003093000
517,16.463047000,0.000103000
527,16.656780000,0.000054000
534,16.726530000,0.000150000
535,16.776752000,0.554176000
537,16.786312000,0.000096000
539,16.806355000,0.548952000
540,16.806527000,0.000172000
542,16.806602000,0.000050000
545,16.814965000,0.000132000
546,16.826215000,0.548289000
547,16.826377000,0.000162000
549,16.856621000,0.552445000
551,16.856844000,0.000077000
553,16.866476000,0.000211000
555,16.886492000,0.000142000
557,16.896458000,0.000125000
559,16.906333000,0.000122000
561,16.936502000,0.000154000
563,16.946363000,0.000138000
565,16.956846000,0.000128000
567,16.956906000,0.000035000
568,16.956921000,0.652512000
571,16.976992000,0.000138000
573,16.986474000,0.000136000
575,17.006492000,0.000145000
577,17.016756000,0.000132000
578,17.016782000,0.712171000
580,17.016867000,0.000036000
583,17.036651000,0.000154000
585,17.058619000,0.000142000
587,17.058687000,0.000038000
589,17.086350000,0.781313000
590,17.086533000,0.000183000
592,17.105107000,0.000149000
594,17.109236000,0.000129000
596,17.116608000,0.000135000
598,17.146765000,0.000153000
600,17.146843000,0.000043000
601,17.146852000,0.841228000
604,17.157258000,0.000136000
606,17.166475000,0.000132000
608,17.171302000,0.000097000
610,17.186594000,0.000134000
612,17.186667000,0.000046000
614,17.196447000,0.000116000
616,17.196512000,0.000034000
617,17.196525000,0.890694000
620,17.206872000,0.000135000
622,17.206938000,0.000039000
624,17.216481000,0.000130000
627,17.226760000,0.000138000
629,17.236364000,0.888238000
630,17.236521000,0.000157000
632,17.246850000,0.000131000
634,17.246918000,0.000039000
635,17.246932000,0.898135000
638,17.256695000,0.000167000
640,17.256787000,0.000048000
642,17.266445000,0.000171000
644,17.279240000,0.000131000
646,17.291296000,0.000096000
648,17.297022000,0.000084000
651,17.306604000,0.000129000
653,17.316419000,0.000104000
655,17.327667000,0.000101000
657,17.327726000,0.000039000
658,17.327736000,0.978704000
660,17.327810000,0.000039000
661,17.327843000,0.978438000
663,17.327897000,0.000028000
664,17.327910000,0.978304000
669,17.336778000,0.000089000
671,17.336834000,0.000034000
672,17.336842000,0.986952000
675,17.346420000,0.000097000
677,17.346478000,0.000034000
679,17.356327000,0.972838000
680,17.356442000,0.000115000
682,17.356509000,0.000048000
684,17.366538000,0.939092000
685,17.366747000,0.000209000
687,17.379215000,0.939529000
688,17.379408000,0.000193000
690,17.383236000,0.000120000
692,17.383308000,0.596385000
695,17.386324000,0.000107000
696,17.386349000,0.948026000
698,17.395074000,0.000124000
700,17.405835000,0.000094000
701,17.405862000,0.597925000
703,17.416424000,0.000104000
705,17.421079000,0.593296000
707,17.426789000,0.000221000
708,17.436462000,0.478825000
709,17.436560000,0.418867000
710,17.436591000,0.376966000
711,17.446440000,0.298680000
713,17.446616000,0.000060000
714,17.457213000,0.259820000
715,17.457298000,0.233565000
716,17.457363000,0.000065000
717,17.471068000,0.243124000
718,17.472152000,0.035690000
719,17.472191000,0.035631000
720,17.472208000,0.035617000
722,17.473331000,0.000052000
723,17.487069000,0.239270000
726,17.491335000,0.162976000
728,17.491526000,0.000062000
729,17.496590000,0.164940000
730,17.497191000,0.039978000
731,17.503067000,0.170912000
733,17.516560000,0.000103000
736,17.524499000,0.027909000
738,17.526069000,0.039000000
742,17.539083000,0.000122000
746,17.569085000,0.000070000
747,17.586312000,0.248274000
748,17.591065000,0.243279000
749,17.606322000,0.248223000
750,17.613173000,0.022108000
752,17.616355000,0.000105000
753,17.622170000,0.035858000
756,17.626580000,0.000073000
758,17.636921000,0.267978000
759,17.636964000,0.252962000
760,17.637041000,0.000077000
761,17.637069000,0.113522000
762,17.637157000,0.000088000
763,17.637187000,0.149177000
764,17.637261000,0.000074000
767,17.646412000,0.226889000
769,17.646681000,0.000162000
770,17.666369000,0.141870000
771,17.672172000,0.035342000
772,17.672218000,0.035297000
774,17.677061000,0.000113000
778,17.686442000,0.000097000
780,17.686491000,0.162741000
781,17.686549000,0.000058000
782,17.706324000,0.181471000
783,17.722168000,0.035701000
785,17.726529000,0.000084000
787,17.746365000,0.220296000
789,17.756422000,0.000104000
790,17.762160000,0.035609000
793,17.796488000,0.000128000
800,17.846699000,0.000114000
803,17.863720000,0.000187000
806,17.869209000,0.000109000
808,17.872943000,0.000113000
809,17.872963000,0.314650000
810,17.873029000,0.000066000
811,17.896714000,0.370346000
813,17.896864000,0.000042000
815,17.906457000,0.293284000
817,17.906589000,0.000044000
818,17.906606000,0.267993000
820,17.916638000,0.000152000
822,17.916726000,0.000046000
824,17.926795000,0.000090000
826,17.926847000,0.000028000
828,17.926880000,0.000025000
829,17.926885000,0.287448000
830,17.932178000,0.035297000
832,17.936392000,0.000079000
834,17.946808000,0.000106000
836,17.946865000,0.000032000
838,17.956282000,0.000087000
840,17.966835000,0.000106000
842,17.966900000,0.000036000
844,17.976904000,0.000085000
846,17.976954000,0.000029000
848,17.996915000,0.000086000
850,17.996968000,0.000028000
853,17.998121000,0.001125000
856,18.027926000,0.000106000
859,18.027990000,0.221136000
860,18.028041000,0.000051000
861,18.028089000,0.348128000
862,18.028323000,0.000352000
864,18.036272000,0.229282000
865,18.036341000,0.000069000
866,18.036361000,0.000166000
869,18.046784000,0.000257000
870,18.056582000,0.249302000
871,18.056723000,0.000141000
873,18.056787000,0.000038000
874,18.056794000,0.250033000
875,18.056844000,0.000050000
881,19.689131000,1.027364000
882,19.689734000,0.000603000
883,19.689983000,1.028384000
884,19.690254000,0.000271000
885,19.700524000,1.020070000
886,19.737294000,0.036770000
887,19.889155000,1.226067000
888,19.889707000,0.000552000
890,19.926894000,1.011517000
891,19.927610000,0.000716000
892,20.348641000,0.457112000
894,20.349042000,0.000131000
920,20.490387000,0.116508000
921,20.490503000,0.000116000
922,20.498137000,0.123773000
924,20.510377000,0.000105000
925,20.518162000,0.143575000
926,20.518274000,0.000112000
927,20.536272000,0.160688000
928,20.536387000,0.000115000
929,20.547769000,0.171898000
930,20.547906000,0.000137000
931,20.566514000,0.190392000
932,20.566662000,0.000148000
935,20.648819000,0.272247000
936,20.648967000,0.000148000
937,20.649014000,0.272223000
938,20.649062000,0.000048000
939,20.649079000,0.271715000
940,20.649121000,0.000042000
941,20.649137000,0.271415000
942,20.649195000,0.000058000
943,20.649216000,0.271161000
944,20.649255000,0.000039000
945,20.649271000,0.272925000
946,20.649308000,0.000037000
947,20.649323000,0.272314000
948,20.649358000,0.000035000
949,20.649372000,0.271007000
950,20.649408000,0.000036000
951,20.649423000,0.270762000
952,20.649458000,0.000035000
953,20.649472000,0.269889000
954,20.649508000,0.000036000
955,20.649538000,0.269668000
956,20.649594000,0.000056000
957,20.649614000,0.231985000
958,20.649681000,0.000067000
959,20.649697000,0.209916000
960,20.649744000,0.000047000
961,20.649796000,0.216209000
962,20.649842000,0.000046000
963,20.649850000,0.269707000
964,20.649889000,0.000039000
965,20.649905000,0.269481000
966,20.649950000,0.000045000
967,20.649965000,0.270691000
968,20.650008000,0.000043000
969,20.650041000,0.077859000
970,20.650101000,0.000060000
975,20.656262000,0.084378000
976,20.656372000,0.000110000
977,20.656427000,0.277469000
978,20.656500000,0.000073000
980,20.786406000,0.135369000
982,20.786535000,0.000040000
983,20.856544000,0.205186000
985,20.856673000,0.000044000
987,20.866586000,0.000115000
988,20.866735000,0.215066000
990,20.877374000,0.000094000
992,20.877427000,0.000030000
993,20.926529000,0.274468000
995,20.926654000,0.000041000
997,20.936617000,0.000096000
999,20.936672000,0.000031000
1001,20.966492000,0.000094000
1005,20.978315000,0.000086000
1007,20.978367000,0.000035000
1011,20.986521000,0.329671000
1013,20.986644000,0.000041000
1015,20.986696000,0.000029000
1017,21.016639000,0.000102000
1019,21.026488000,0.000091000
1021,21.026540000,0.000029000
1022,21.056777000,0.080934000
1023,21.056886000,0.000109000
1025,21.056943000,0.000036000
1026,21.076544000,0.098480000
1027,21.076662000,0.000118000
1029,21.076720000,0.000036000
1031,21.096485000,0.000088000
1033,21.117968000,0.000090000
1035,21.136777000,0.000106000
1037,21.136940000,0.000057000
1039,21.137372000,0.000070000
1041,21.146667000,0.000119000
1046,21.182547000,0.000137000
1048,21.184610000,0.000084000
1050,21.184668000,0.203951000
1051,21.184717000,0.000049000
1055,21.206544000,0.000140000
1057,21.214639000,0.000106000
1059,21.214702000,0.000038000
1063,21.236625000,0.000094000
1065,21.246746000,0.000094000
1067,21.246811000,0.000041000
1068,21.246826000,0.267675000
1069,21.246890000,0.000064000
1072,21.256383000,0.000104000
1075,21.296483000,0.000083000
1078,21.306952000,0.000079000
1081,21.336502000,0.000103000
1083,21.356745000,0.202831000
1084,21.356821000,0.000076000
1086,21.356881000,0.000038000
1088,21.517080000,0.357069000
1089,21.517282000,0.000202000
1091,21.517444000,0.000132000
1092,21.626458000,0.441223000
1093,21.626630000,0.000172000
1094,21.626658000,0.465935000
1095,21.626732000,0.000074000
1097,21.638197000,0.406963000
1098,21.638352000,0.000155000
1099,21.666336000,0.307939000
1101,21.676452000,0.000134000
1102,21.696692000,0.511237000
1104,21.696880000,0.000060000
1106,21.696944000,0.000036000
1108,21.698325000,0.001362000
1111,21.731041000,0.502183000
1112,21.731216000,0.000175000
1113,21.731248000,0.104032000
1116,21.732527000,0.000080000
1117,21.746684000,0.498903000
1118,21.746818000,0.000134000
1120,21.746892000,0.000041000
1122,21.756571000,0.000121000
1124,21.756636000,0.000033000
1131,21.796542000,0.078042000
1132,21.796689000,0.000147000
1134,21.798611000,0.000087000
1136,21.798820000,0.000074000
1138,21.827471000,0.000133000
1140,21.827700000,0.000092000
1142,21.827883000,0.000059000
1144,21.827951000,0.000050000
1146,21.837215000,0.000141000
1148,21.837423000,0.000085000
1150,21.837481000,0.000038000
1151,21.837489000,0.139164000
1152,21.837556000,0.066064000
1153,21.837626000,0.000070000
1154,21.837638000,0.066551000
1155,21.837695000,0.000057000
1156,21.837704000,0.066313000
1157,21.837755000,0.000051000
1158,21.837765000,0.066499000
1159,21.837815000,0.000050000
1161,21.838594000,0.066979000
1162,21.838713000,0.000119000
1168,21.856676000,0.000121000
1170,21.856855000,0.000062000
1172,21.866462000,0.000139000
1176,21.889150000,0.000073000
1180,21.889495000,0.000126000
1184,21.907799000,0.000079000
1185,21.907834000,0.000147000
1187,21.927060000,0.000175000
1189,21.935056000,0.000242000
1191,21.938816000,0.000225000
1193,21.941260000,0.000122000
1195,21.948660000,0.000127000
1196,21.949159000,0.110627000
1198,21.956989000,0.000246000
1200,21.974975000,0.000150000
1201,21.975131000,0.136262000
1203,21.975274000,0.000045000
1205,21.985760000,0.000384000
1206,21.986090000,0.146867000
1208,21.986357000,0.000079000
1210,21.986443000,0.000048000
1211,21.996642000,0.156977000
1213,21.996774000,0.000039000
1215,22.006380000,0.000097000
1216,22.026416000,0.186230000
1218,22.026545000,0.000041000
1220,22.046645000,0.000101000
1222,22.046699000,0.000028000
1224,22.130728000,0.000086000
1226,22.130776000,0.000026000
1228,22.136655000,0.000100000
1230,22.146606000,0.000086000
1232,22.146666000,0.000037000
1234,22.156554000,0.000112000
1236,22.156644000,0.000057000
1238,22.166668000,0.000087000
1240,22.166750000,0.000053000
1242,22.176407000,0.000090000
1245,22.186592000,0.000083000
1247,22.232182000,0.035561000
1250,22.287780000,0.000366000
1253,22.298427000,0.001023000
1256,22.316690000,0.000123000
1260,22.327228000,0.000165000
1261,22.327728000,0.000534000
1264,22.336698000,0.000065000
1270,22.998431000,0.062893000
1271,22.998596000,0.000165000
1272,23.066332000,0.130393000
1273,23.066504000,0.000172000
1274,23.086342000,0.144661000
1275,23.086568000,0.000226000
1276,23.119216000,0.406070000
1277,23.119422000,0.000206000
1278,23.132285000,0.418920000
1279,23.132515000,0.000230000
1281,23.584824000,0.000258000
1294,24.887358000,0.171293000
1295,24.887496000,0.000138000
1296,24.894273000,0.177951000
1297,24.894414000,0.000141000
1298,24.926878000,0.209960000
1299,24.926998000,0.000120000
1300,24.927038000,0.210515000
1301,24.927118000,0.000080000
1302,24.927140000,0.210419000
1303,24.927196000,0.000056000
1304,24.927240000,0.210006000
1305,24.927294000,0.000054000
1306,24.937499000,0.219400000
1307,24.937623000,0.000124000
1308,24.937665000,0.219765000
1309,24.937719000,0.000054000
1310,24.937736000,0.220033000
1311,24.937786000,0.000050000
1312,24.937803000,0.220323000
1313,24.937854000,0.000051000
1314,24.937871000,0.222496000
1316,24.937959000,0.000049000
1317,24.966416000,0.250634000
1319,24.966597000,0.000063000
1323,25.844772000,0.057099000
1324,25.845231000,0.000459000
1326,25.976640000,0.129731000
1328,25.976788000,0.000053000
1332,26.046394000,0.052169000
1333,26.046535000,0.000141000
1334,26.048084000,0.054053000
1335,26.048151000,0.000067000
1337,27.058790000,0.372742000
1338,27.059203000,0.000413000
1340,27.206601000,0.142767000
1343,30.117229000,1.399612000
1344,30.117665000,0.000436000
1346,30.155959000,0.000283000
1350,30.633120000,0.000119000
1351,30.636898000,1.396797000
1352,30.637070000,0.000172000
1353,30.637135000,0.383364000
1354,30.637205000,0.000070000
1358,30.752329000,0.133671000
1359,30.752476000,0.000147000
1361,30.937355000,0.184285000
1363,30.937778000,0.000178000
1370,31.107304000,0.465285000
1371,31.107578000,0.073506000
1372,31.107849000,0.000271000
1374,31.118635000,0.050350000
1375,31.118910000,0.000275000
1376,31.167045000,0.057651000
1378,31.177302000,0.000268000
1380,31.306369000,0.077979000
1381,31.306635000,0.000266000
1383,31.446948000,0.139476000
1385,31.471378000,0.000083000
1387,31.477230000,0.000256000
1389,31.498373000,0.000173000
1391,31.517952000,0.000191000
1393,31.567638000,0.000225000
1395,31.567897000,0.000101000
1397,31.607384000,0.000229000
1399,31.618588000,0.000342000
1402,31.647205000,0.000145000
1404,31.657120000,0.000166000
1406,31.697262000,0.000184000
1408,31.707175000,0.000194000
1410,31.727331000,0.000172000
1412,31.757018000,0.000156000
1414,31.767258000,0.000261000
1416,31.847831000,0.000322000
1418,31.848483000,0.000289000
1420,31.850156000,0.000307000
1422,31.857658000,0.000256000
1424,31.858220000,0.000269000
1426,31.877757000,0.000404000
1428,31.887704000,0.000305000
1431,31.914469000,0.000140000
1439,31.947041000,0.000105000
1442,31.967522000,0.000259000
1448,31.987321000,0.000159000
1454,32.006493000,0.009410000
1457,32.147492000,0.207761000
1458,32.147895000,0.000403000
1459,32.148715000,0.209535000
1460,32.149000000,0.000285000
1461,32.149177000,0.209586000
1463,32.149499000,0.210070000
1464,32.149534000,0.000357000
1465,32.149712000,0.000213000
1469,32.158378000,0.180265000
1470,32.158723000,0.000345000
1472,32.166486000,0.180630000
1473,32.166794000,0.000308000
1479,32.188422000,0.179481000
1480,32.188733000,0.000311000
1481,32.229963000,0.226231000
1482,32.230491000,0.000528000
1484,32.234706000,0.237066000
1486,32.235126000,0.000420000
1490,32.267603000,0.257951000
1492,32.287557000,0.000261000
1495,32.327887000,0.000282000
1498,32.357132000,0.000160000
1501,32.377049000,0.000097000
1505,32.387844000,0.000129000
1507,32.397647000,0.000153000
1510,32.407355000,0.000147000
1511,32.407392000,0.401267000
1512,32.407500000,0.000108000
1513,32.407553000,0.258073000
1516,32.417221000,0.000249000
1518,32.427312000,0.000162000
1519,32.427353000,0.275541000
1521,32.437817000,0.000210000
1522,32.457015000,0.303842000
1524,32.457324000,0.000089000
1525,32.527001000,0.372597000
1527,32.538851000,0.000334000
1529,32.538949000,0.000053000
1530,32.586384000,0.426327000
1534,32.597677000,0.000119000
1536,32.605093000,0.000190000
1539,32.617169000,0.000211000
1541,32.627394000,0.000126000
1543,32.627472000,0.000045000
1544,32.666827000,0.498646000
1546,32.677316000,0.000113000
1548,32.677397000,0.000047000
1550,32.687479000,0.000203000
1552,32.703155000,0.000224000
1554,32.703307000,0.000096000
1556,32.703413000,0.000082000
1558,32.717486000,0.000210000
1560,32.717612000,0.000076000
1562,32.720677000,0.000154000
1564,32.738071000,0.000196000
1565,32.738126000,0.563050000
1566,32.738245000,0.000119000
1567,32.738458000,0.555649000
1568,32.738561000,0.000103000
1569,32.738581000,0.503761000
1570,32.738669000,0.000088000
1572,32.738761000,0.000076000
1573,32.738774000,0.481474000
1574,32.738868000,0.000094000
1577,32.767158000,0.535150000
1578,32.767423000,0.000265000
1580,32.768546000,0.000422000
1581,32.768645000,0.172468000
1582,32.768834000,0.000189000
1587,32.787348000,0.000177000
1589,32.797302000,0.000161000
1591,32.797985000,0.000126000
1593,32.807565000,0.000172000
1595,32.807685000,0.000069000
1597,32.817524000,0.000217000
1599,32.818317000,0.000140000
1601,32.830632000,0.000161000
1603,32.837645000,0.000180000
1605,32.847561000,0.000188000
1607,32.847815000,0.000093000
1610,32.857486000,0.000186000
1614,32.880183000,0.000167000
1616,32.880510000,0.644150000
1617,32.880640000,0.000130000
1619,32.880813000,0.138618000
1621,32.880942000,0.000071000
1622,32.881287000,0.000925000
1623,32.881619000,0.272254000
1624,32.881754000,0.000135000
1625,32.881789000,0.625286000
1626,32.881883000,0.000094000
1627,32.881937000,0.139216000
1630,32.888001000,0.000190000
1632,32.888322000,0.000134000
1633,32.888977000,0.117854000
1634,32.889183000,0.000206000
1635,32.889226000,0.475139000
1637,32.889385000,0.000090000
1639,32.889573000,0.000115000
1640,32.892398000,0.011651000
1642,32.899251000,0.000268000
1645,32.900130000,0.000179000
1647,32.908648000,0.000205000
1649,32.917475000,0.000179000
1651,32.917760000,0.000106000
1653,32.931245000,0.000153000
1655,32.938013000,0.000190000
1657,32.938381000,0.000161000
1658,32.938510000,0.164163000
1660,32.947757000,0.000149000
1662,32.948003000,0.000093000
1664,32.957475000,0.000182000
1666,32.958459000,0.000214000
1669,32.967431000,0.000161000
1671,32.967723000,0.000135000
1673,32.978726000,0.000135000
1675,32.997749000,0.000130000
1677,32.998430000,0.000151000
1679,32.998549000,0.000079000
1680,32.998566000,0.147904000
1681,32.998695000,0.000129000
1682,32.998720000,0.138012000
1683,32.998856000,0.000136000
1684,32.999204000,0.099899000
1686,33.007640000,0.000167000
1688,33.007759000,0.000078000
1689,33.007784000,0.119866000
1691,33.007941000,0.000078000
1693,33.018994000,0.000172000
1695,33.019674000,0.000141000
1697,33.039591000,0.000167000
1699,33.039712000,0.000073000
1701,33.039829000,0.000095000
1704,33.047165000,0.000163000
1706,33.062764000,0.000093000
1708,33.062940000,0.000079000
1710,33.063063000,0.000051000
1712,33.067044000,0.000107000
1714,33.077152000,0.000108000
1715,33.077183000,0.184785000
1717,33.097890000,0.000160000
1719,33.097977000,0.000053000
1721,33.107489000,0.000145000
1723,33.107580000,0.000054000
1725,33.117916000,0.000117000
1727,33.117996000,0.000045000
1729,33.118064000,0.000056000
1731,33.118122000,0.000048000
1733,33.118175000,0.000044000
1735,33.127331000,0.000105000
1737,33.127410000,0.000047000
1739,33.137674000,0.000124000
1741,33.137763000,0.000049000
1743,33.147429000,0.000113000
1745,33.147514000,0.000051000
1746,33.147531000,0.182619000
1747,33.147611000,0.000080000
1749,33.147710000,0.000047000
1750,33.147720000,0.103356000
1751,33.187197000,0.039477000
1755,33.259121000,0.052124000
1756,33.259333000,0.000212000
1757,33.259415000,0.052796000
1758,33.259508000,0.000093000
1761,33.344214000,0.082617000
1762,33.344405000,0.000191000
1765,33.446939000,0.101926000
1767,33.457771000,0.000097000
1769,33.457847000,0.000047000
1771,33.457907000,0.000049000
1773,33.457961000,0.000044000
1775,33.467803000,0.000188000
1777,33.467915000,0.000056000
1779,33.477492000,0.000145000
1781,33.477580000,0.000051000
1783,33.477639000,0.000049000
1785,33.477691000,0.000043000
1786,33.486888000,0.085114000
1787,33.487128000,0.000240000
1789,33.607855000,0.000147000
1791,33.607943000,0.000051000
1793,33.608000000,0.000046000
1795,33.608052000,0.000043000
1797,33.617340000,0.000200000
1799,33.627206000,0.000136000
1822,34.067237000,0.158046000
1823,34.067391000,0.000154000
1825,34.067483000,0.000055000
1827,34.120434000,0.210003000
1829,34.138562000,0.000120000
1832,34.187192000,0.000121000
1835,34.203632000,0.000233000
1837,34.217453000,0.303490000
1838,34.217551000,0.000098000
1839,34.217980000,0.301740000
1840,34.218094000,0.000114000
1842,34.218161000,0.000054000
1843,34.218788000,0.001469000
1847,34.227329000,0.308345000
1848,34.227463000,0.000134000
1850,34.237453000,0.000114000
1852,34.237530000,0.000046000
1854,34.237591000,0.000050000
1856,34.253151000,0.000103000
1858,34.254496000,0.000079000
1860,34.259838000,0.000175000
1862,34.259948000,0.000058000
1864,34.277602000,0.000209000
1866,34.277718000,0.000064000
1867,34.286737000,0.365310000
1868,34.286995000,0.000258000
1870,34.287132000,0.000100000
1872,34.287205000,0.000049000
1874,34.296950000,0.371764000
1875,34.297118000,0.000168000
1877,34.312943000,0.000126000
1879,34.313020000,0.000045000
1881,34.327194000,0.398409000
1883,34.327945000,0.000642000
1885,34.347181000,0.416267000
1886,34.347280000,0.412847000
1887,34.347369000,0.000089000
1888,34.347394000,0.413220000
1889,34.347454000,0.000060000
1891,34.347513000,0.000049000
1895,34.357709000,0.000127000
1897,34.357795000,0.000050000
1899,34.357848000,0.000041000
1900,34.357858000,0.422899000
1901,34.357931000,0.000073000
1902,34.357944000,0.423153000
1903,34.358002000,0.000058000
1904,34.358012000,0.418683000
1905,34.358069000,0.000057000
1906,34.358079000,0.423459000
1907,34.358133000,0.000054000
1908,34.358144000,0.419005000
1909,34.358198000,0.000054000
1910,34.358210000,0.419349000
1911,34.358263000,0.000053000
1916,34.366802000,0.427303000
1917,34.366940000,0.000138000
1918,34.366964000,0.427194000
1919,34.367027000,0.000063000
1920,34.397045000,0.175151000
1922,34.407450000,0.000131000
1924,34.407514000,0.318323000
1925,34.407583000,0.000069000
1926,34.407594000,0.426239000
1927,34.407655000,0.000061000
1930,34.416916000,0.191549000
1932,34.427032000,0.000116000
1935,34.437802000,0.000049000
1937,34.447026000,0.000103000
1938,34.447052000,0.220731000
1939,34.447181000,0.039697000
1940,34.487174000,0.040122000
1941,34.497041000,0.206633000
1943,34.507112000,0.000156000
1944,34.547118000,0.232957000
1945,34.586999000,0.257079000
1946,34.587294000,0.040176000
1947,34.627245000,0.040246000
1948,34.632448000,0.283126000
1950,34.632634000,0.000065000
1952,34.638684000,0.000179000
1954,34.638786000,0.000055000
1956,34.647502000,0.000156000
1958,34.647598000,0.000058000
1960,34.657615000,0.000147000
1962,34.657848000,0.000102000
1964,34.658419000,0.000133000
1966,34.658529000,0.000075000
1967,34.686341000,0.336522000
1969,34.699359000,0.000303000
1971,34.707663000,0.000290000
1973,34.707808000,0.000074000
1975,34.717178000,0.000204000
1976,34.727287000,0.367004000
1978,34.727520000,0.000080000
1980,34.737538000,0.000183000
1982,34.747542000,0.000296000
1984,34.747682000,0.000074000
1985,34.767361000,0.406483000
1987,34.767618000,0.000084000
1989,34.767718000,0.000054000
1991,34.778894000,0.000172000
1993,34.779000000,0.000061000
1995,34.797233000,0.000156000
1997,34.797339000,0.000055000
1998,34.798739000,0.437084000
2000,34.807126000,0.000160000
2002,34.817217000,0.000224000
2004,34.827184000,0.000201000
2006,34.840715000,0.000143000
2008,34.840809000,0.000053000
2010,34.847667000,0.000285000
2012,34.847790000,0.000062000
2013,34.847806000,0.485605000
2015,34.857207000,0.000226000
2017,34.867634000,0.000166000
2019,34.867735000,0.000056000
2021,34.877124000,0.000170000
2023,34.938194000,0.529466000
2024,34.962233000,0.553465000
2031,35.020231000,0.054905000
2032,35.020446000,0.000215000
2033,35.037442000,0.071551000
2034,35.037596000,0.000154000
2035,35.037726000,0.071905000
2036,35.037840000,0.000114000
2037,35.057076000,0.091592000
2038,35.057253000,0.000177000
2039,35.057405000,0.147539000
2040,35.057506000,0.000101000
2041,35.064196000,0.098477000
2043,35.066146000,0.000089000
2044,35.098197000,0.132602000
2045,35.098314000,0.000117000
2047,35.157870000,0.000287000
2049,35.158130000,0.000092000
2051,35.167517000,0.000217000
2053,35.168971000,0.000159000
2060,35.304409000,0.082552000
2061,35.304548000,0.000139000
2062,35.310026000,0.087757000
2063,35.310113000,0.000087000
2066,35.370300000,0.147598000
2067,35.370437000,0.000137000
2068,35.370482000,0.149995000
2069,35.370548000,0.000066000
2070,35.374032000,0.151083000
2071,35.374120000,0.000088000
2072,35.428225000,0.094873000
2073,35.428502000,0.000277000
2075,35.538221000,0.108927000
2077,35.667227000,0.000254000
2081,35.726334000,0.046381000
2082,35.726534000,0.000200000
2083,35.762330000,0.082690000
2084,35.762493000,0.000163000
2085,35.777327000,0.096904000
2086,35.777492000,0.000165000
2088,35.777567000,0.000046000
2090,35.785250000,0.000179000
2092,35.787225000,0.000098000
2094,35.787294000,0.000046000
2096,35.787352000,0.000048000
2098,35.797591000,0.000138000
2100,35.797856000,0.000076000
2102,35.797967000,0.000084000
2104,35.798030000,0.000044000
2112,35.936524000,0.105110000
2113,35.936697000,0.000173000
2115,35.946197000,0.105329000
2116,35.946362000,0.000165000
2118,35.977053000,0.100347000
2119,35.977216000,0.000163000
2121,35.997318000,0.000132000
2123,35.997664000,0.000307000
2126,36.066985000,0.181497000
2127,36.067192000,0.000207000
2128,36.067236000,0.185082000
2130,36.097366000,0.211291000
2131,36.097542000,0.000176000
2132,36.127517000,0.240980000
2133,36.127707000,0.000190000
2135,36.127800000,0.000060000
2137,36.167244000,0.000163000
2138,36.207339000,0.269911000
2139,36.207620000,0.000281000
2141,36.207868000,0.000104000
2142,36.227449000,0.165518000
2143,36.227688000,0.000239000
2145,36.227867000,0.000078000
2148,36.237822000,0.000128000
2151,36.238373000,0.175843000
2152,36.238403000,0.000117000
2153,36.238463000,0.000090000
2155,36.246931000,0.299997000
2156,36.247053000,0.000122000
2158,36.247220000,0.000066000
2162,36.277037000,0.202083000
2164,36.292446000,0.015409000
2167,36.336138000,0.096261000
2169,36.355003000,0.000133000
2171,36.355322000,0.000090000
2173,36.358921000,0.000106000
2175,36.358999000,0.000047000
2177,36.359054000,0.000045000
2179,36.359103000,0.000040000
2181,36.367312000,0.000108000
2183,36.367381000,0.000043000
2185,36.377193000,0.000136000
2187,36.377284000,0.000051000
2188,36.377295000,0.148548000
2189,36.377377000,0.000082000
2199,36.426789000,0.161896000
2201,36.438572000,0.000137000
2202,36.457344000,0.190012000
2204,36.457806000,0.000257000
2205,36.517364000,0.244419000
2206,36.517538000,0.000174000
2208,36.517618000,0.000050000
2217,36.586962000,0.294516000
2220,36.600940000,0.013978000
2224,36.627126000,0.332491000
2225,36.627303000,0.000177000
2230,36.816533000,0.401408000
2231,36.816840000,0.000307000
2232,36.828561000,0.413597000
2233,36.828841000,0.000280000
2234,36.829201000,0.413751000
2235,36.829438000,0.000237000
2236,36.829693000,0.414398000
2237,36.829955000,0.000262000
2238,36.830583000,0.414781000
2239,36.830808000,0.000225000
2240,36.831196000,0.415575000
2242,36.831585000,0.000202000
2246,36.844391000,0.429707000
2247,36.844658000,0.000267000
2248,36.868518000,0.489979000
2249,36.868774000,0.000256000
2251,36.877384000,0.000319000
2252,36.914390000,0.373897000
2253,36.914614000,0.000224000
2254,36.926197000,0.385507000
2255,36.926344000,0.000147000
2256,36.947120000,0.406313000
2257,36.947303000,0.000183000
2258,36.947481000,0.406556000
2259,36.947621000,0.000140000
2260,36.947739000,0.404759000
2261,36.947861000,0.000122000
2262,36.948610000,0.348875000
2263,36.948737000,0.000127000
2265,36.950329000,0.350398000
2266,36.950467000,0.000138000
2268,36.966314000,0.447591000
2269,36.966428000,0.000114000
2273,36.990382000,0.453208000
2274,36.990787000,0.000405000
2275,37.007424000,0.406484000
2277,37.007601000,0.000063000
2280,37.017028000,0.000104000
2282,37.052192000,0.035134000
2283,37.057344000,0.454345000
2284,37.057484000,0.000140000
2286,37.057585000,0.000072000
2288,37.057661000,0.000059000
2289,37.107431000,0.503816000
2291,37.107791000,0.000119000
2294,37.120924000,0.000111000
2298,37.121220000,0.000155000
2302,37.128492000,0.000148000
2304,37.138048000,0.000178000
2306,37.147474000,0.543265000
2307,37.147717000,0.000243000
2309,37.147986000,0.000110000
2311,37.148690000,0.000111000
2312,37.177284000,0.038620000
2313,37.186990000,0.392476000
2314,37.187264000,0.000274000
2315,37.187382000,0.558605000
2316,37.187498000,0.000116000
2317,37.187514000,0.558473000
2318,37.187592000,0.000078000
2322,37.227209000,0.393047000
2323,37.227492000,0.000283000
2324,37.227546000,0.392585000
2325,37.227653000,0.000107000
2326,37.227667000,0.278342000
2330,37.237801000,0.000103000
2332,37.237985000,0.000073000
2334,37.238610000,0.000119000
2335,37.238994000,0.272986000
2336,37.239130000,0.000136000
2340,37.357821000,0.000144000
2341,37.397240000,0.039510000
2345,37.407715000,0.428163000
2346,37.407756000,0.000121000
2347,37.407828000,0.000113000
2348,37.408365000,0.000683000
2349,37.466396000,0.278403000
2351,37.485140000,0.000131000
2353,37.485297000,0.000109000
2355,37.485405000,0.000077000
2356,37.485421000,0.517860000
2358,37.507718000,0.000251000
2360,37.513078000,0.324552000
2361,37.516679000,0.008671000
2363,37.523618000,0.000196000
2365,37.523947000,0.000137000
2367,37.524744000,0.000151000
2369,37.525002000,0.000126000
2371,37.525217000,0.000104000
2372,37.538078000,0.349137000
2374,37.538418000,0.000112000
2376,37.538554000,0.000081000
2380,37.547713000,0.000289000
2382,37.547871000,0.000097000
2385,37.597151000,0.368838000
2387,37.597474000,0.000104000
2389,37.609068000,0.000191000
2391,37.609174000,0.000060000
2393,37.609454000,0.000103000
2395,37.619047000,0.000286000
2397,37.619422000,0.000207000
2401,37.657260000,0.428290000
2403,37.657438000,0.000066000
2405,37.657537000,0.000070000
2407,37.657612000,0.000055000
2409,37.657675000,0.000051000
2414,37.667240000,0.009554000
2417,37.684311000,0.143808000
2418,37.684458000,0.000147000
2419,37.717053000,0.200374000
2420,37.717213000,0.136899000
2421,37.717374000,0.000161000
2424,37.844352000,0.260032000
2425,37.844564000,0.000212000
2427,37.847536000,0.000128000
2429,37.907224000,0.279804000
2431,37.907475000,0.000109000
2432,37.927444000,0.277601000
2433,37.927597000,0.000153000
2435,37.927681000,0.000059000
2436,37.927698000,0.296254000
2437,37.927806000,0.000108000
2438,37.967325000,0.306283000
2439,37.967493000,0.000168000
2441,37.967632000,0.000111000
2442,37.982222000,0.314112000
2443,37.982367000,0.000145000
2445,38.022843000,0.261472000
2447,38.023220000,0.000120000
2448,38.023305000,0.229413000
2449,38.023471000,0.000166000
2453,38.136331000,0.153402000
2455,38.147288000,0.000105000
2457,38.157490000,0.000126000
2459,38.158753000,0.000091000
2461,38.161106000,0.000077000
2463,38.163517000,0.000092000
2465,38.163590000,0.000045000
2467,38.163647000,0.000046000
2469,38.167158000,0.000123000
2471,38.177661000,0.000097000
2473,38.177736000,0.000045000
2474,38.177745000,0.329376000
2476,38.177837000,0.000044000
2477,38.197207000,0.097006000
2479,38.197553000,0.000225000
2481,38.284097000,0.000159000
2483,38.284195000,0.000057000
2485,38.284251000,0.000042000
2487,38.284302000,0.000040000
2488,38.284311000,0.159040000
2489,38.284390000,0.000079000
2499,38.306973000,0.192112000
2501,38.307244000,0.000118000
2503,38.407487000,0.112969000
2504,38.407671000,0.000184000
2506,38.407758000,0.000056000
2507,38.407801000,0.114274000
2508,38.407880000,0.000079000
2509,38.407921000,0.114004000
2511,38.408008000,0.000043000
2512,38.438250000,0.139314000
2514,38.438505000,0.000082000
2516,38.467179000,0.166738000
2517,38.507371000,0.040192000
2518,38.507474000,0.204448000
2519,38.507592000,0.000118000
2521,38.508871000,0.001268000
2522,38.547067000,0.243051000
2523,38.547260000,0.000193000
2524,38.567533000,0.263077000
2525,38.567714000,0.000181000
2527,38.567806000,0.000060000
2528,38.570222000,0.264532000
2529,38.570406000,0.000184000
2532,38.627071000,0.186726000
2533,38.639479000,0.291656000
2534,38.639670000,0.000191000
2536,38.639861000,0.000080000
2538,38.639924000,0.000052000
2540,38.647576000,0.000121000
2542,38.647747000,0.000075000
2544,38.647816000,0.000056000
2545,38.647827000,0.053805000
2546,38.647919000,0.000092000
2547,38.667229000,0.040158000
2548,38.727369000,0.132828000
2549,38.727566000,0.000197000
2551,38.727663000,0.000061000
2553,38.738645000,0.000185000
2555,38.738752000,0.000064000
2557,38.738818000,0.000053000
2559,38.738893000,0.000063000
2561,38.747632000,0.000150000
2563,38.748241000,0.000106000
2565,38.748435000,0.000116000
2567,38.757494000,0.000158000
2569,38.757594000,0.000066000
2571,38.757659000,0.000049000
2573,38.767513000,0.000213000
2575,38.767631000,0.000071000
2577,38.790162000,0.000174000
2579,38.790271000,0.000059000
2581,38.790330000,0.000048000
2583,38.790389000,0.000048000
2585,38.805275000,0.000190000
2587,38.807566000,0.000145000
2589,38.807656000,0.000053000
2591,38.809166000,0.000289000
2596,38.947600000,0.112104000
2597,38.947781000,0.000181000
2599,38.947860000,0.000050000
2601,38.947918000,0.000048000
2603,38.957749000,0.000197000
2605,38.957849000,0.000055000
2607,38.957946000,0.000076000
2608,38.993165000,0.153467000
2609,38.993361000,0.000196000
2611,38.993459000,0.000060000
2613,38.993521000,0.000049000
2615,38.993583000,0.000051000
2617,38.997349000,0.000135000
2619,38.997443000,0.000053000
2621,39.007690000,0.000126000
2623,39.007914000,0.000104000
2625,39.008408000,0.000096000
2627,39.008593000,0.000084000
2628,39.030593000,0.141800000
2629,39.030760000,0.000167000
2631,39.032271000,0.001017000
2632,39.057356000,0.157758000
2633,39.057543000,0.000187000
2635,39.057796000,0.000110000
2642,39.314228000,0.129500000
2643,39.320177000,0.080373000
2644,39.320326000,0.000149000
2646,39.330208000,0.090139000
2647,39.330387000,0.000179000
2650,39.388298000,0.097255000
2651,39.388479000,0.000181000
2654,39.452232000,0.131354000
2655,39.512300000,0.174940000
2656,39.512471000,0.000171000
2658,39.514136000,0.183174000
2659,39.580389000,0.191341000
2660,39.584270000,0.146560000
2661,39.584456000,0.000186000
2663,39.627508000,0.000155000
2665,39.628193000,0.000162000
2666,39.652336000,0.139245000
2672,39.757388000,0.000152000
2674,39.757477000,0.000051000
2675,39.789470000,0.061114000
2676,39.789637000,0.000167000
2677,39.789692000,0.061071000
2678,39.789789000,0.000097000
2679,39.810661000,0.081844000
2680,39.811007000,0.000346000
2681,39.820216000,0.089151000
2682,39.820429000,0.000213000
2685,39.907381000,0.000148000
2687,39.907639000,0.000074000
2688,39.992345000,0.171277000
2690,40.017461000,0.000155000
2692,40.018126000,0.000150000
2694,40.127554000,0.000150000
2696,40.127809000,0.000097000
2700,40.218539000,0.050950000
2701,40.218811000,0.000272000
2704,40.274463000,0.106560000
2706,40.300313000,0.131648000
2709,40.366307000,0.112446000
2711,40.368238000,0.000086000
2713,40.497353000,0.000136000
2715,40.497519000,0.000066000
2722,40.587118000,0.062346000
2723,40.587315000,0.000197000
2724,40.587374000,0.063178000
2725,40.587448000,0.000074000
2726,40.598294000,0.073348000
2727,40.598402000,0.000108000
2728,40.627072000,0.102514000
2730,40.627340000,0.000075000
2731,40.637193000,0.111540000
2732,40.637322000,0.000129000
2734,40.637467000,0.000072000
2736,40.647455000,0.000129000
2738,40.647539000,0.000055000
2740,40.647617000,0.000064000
2742,40.657404000,0.000112000
2743,40.668419000,0.345029000
2744,40.668563000,0.000144000
2746,40.846333000,0.337806000
2747,40.846511000,0.000178000
2754,41.028406000,0.063022000
2755,41.028691000,0.000285000
2756,41.028775000,0.063728000
2757,41.028859000,0.000084000
2758,41.028889000,0.063170000
2759,41.028969000,0.000080000
2760,41.038185000,0.072342000
2761,41.038313000,0.000128000
2764,41.062325000,0.096751000
2765,41.062478000,0.000153000
2769,41.147068000,0.477942000
2770,41.147253000,0.000185000
2771,41.158178000,0.114742000
2772,41.158356000,0.000178000
2774,41.187060000,0.071582000
2775,41.187251000,0.000191000
2776,41.187314000,0.072237000
2777,41.187385000,0.000071000
2778,41.244509000,0.127006000
2779,41.244797000,0.000288000
2781,41.309970000,0.150944000
2783,41.310283000,0.000100000
2785,41.310394000,0.000061000
2787,41.310464000,0.000057000
2789,41.310517000,0.000042000
2794,41.476339000,0.230573000
2795,41.476524000,0.000185000
2797,41.490469000,0.051204000
2798,41.490594000,0.000125000
2799,41.490664000,0.000324000
2802,41.608315000,0.117651000
2803,41.626351000,0.134345000
2805,41.638465000,0.000221000
2807,41.638546000,0.000050000
2809,41.700316000,0.200125000
2810,41.700529000,0.000213000
2812,41.718246000,0.317327000
2813,41.718505000,0.000259000
2815,41.993026000,0.291144000
2816,41.993200000,0.000174000
2818,41.993282000,0.000053000
2819,42.000164000,0.345545000
2820,42.000302000,0.000138000
2827,42.200316000,0.100021000
2828,42.200488000,0.000172000
2829,42.232427000,0.131994000
2830,42.232619000,0.000192000
2833,42.242310000,0.141799000
2834,42.242501000,0.000191000
2835,42.277481000,0.558303000
2837,42.277777000,0.000099000
2838,42.277838000,0.177243000
2839,42.277964000,0.000126000
2840,42.407345000,0.299477000
2841,42.407538000,0.000193000
2842,42.407631000,0.306528000
2843,42.408406000,0.000775000
2845,42.416421000,0.177030000
2846,42.416643000,0.000222000
2848,42.450302000,0.212997000
2849,42.450467000,0.000165000
2850,42.590320000,0.179137000
2852,42.597365000,0.000074000
2855,42.677384000,0.259908000
2857,42.677589000,0.000069000
2859,42.677679000,0.000052000
2860,42.718460000,0.102250000
2861,42.718651000,0.000191000
2862,42.783020000,0.166155000
2864,42.783249000,0.000078000
2876,42.897638000,0.000190000
2877,42.897703000,0.000154000
2879,42.901275000,0.003696000
2882,42.906170000,0.046336000
2883,42.906338000,0.000168000
2890,43.139021000,0.258972000
2894,43.141349000,0.002328000
2895,43.177187000,0.037954000
2896,43.185484000,0.335497000
2898,43.188464000,0.000179000
2899,43.281171000,0.389391000
2901,43.281418000,0.000110000
2903,43.296320000,0.393700000
2904,43.296481000,0.000161000
2906,43.334498000,0.432089000
2907,43.334703000,0.000205000
2909,43.346826000,0.440041000
2911,43.357270000,0.000143000
2912,43.357309000,0.372676000
2913,43.357405000,0.000096000
2914,43.358916000,0.371655000
2915,43.359113000,0.000197000
2921,43.398310000,0.295464000
2922,43.398490000,0.000180000
2923,43.402351000,0.262031000
2924,43.402616000,0.000265000
2926,43.477294000,0.335945000
2928,43.477480000,0.000063000
2930,43.547392000,0.263664000
2932,43.547632000,0.000106000
2935,43.557687000,0.000112000
2938,43.567422000,0.666147000
2939,43.567509000,0.000126000
2940,43.630469000,0.697049000
2941,43.630657000,0.000188000
2945,43.686817000,0.389525000
2951,43.697979000,0.000135000
2955,43.707782000,0.000158000
2957,43.707885000,0.000059000
2959,43.707965000,0.000066000
2961,43.708025000,0.000048000
2962,43.736425000,0.351484000
2963,43.736583000,0.000158000
2964,43.746303000,0.357146000
2965,43.746487000,0.000184000
2967,43.754176000,0.418969000
2969,43.767776000,0.000191000
2971,43.767885000,0.000062000
2973,43.787126000,0.000156000
2974,43.816555000,0.446609000
2975,43.816799000,0.000244000
2979,43.837857000,0.434653000
2981,43.838222000,0.000133000
2983,43.838390000,0.000088000
2985,43.847355000,0.000124000
2987,43.847428000,0.000044000
2990,43.857379000,0.000137000
2992,43.857462000,0.000051000
2996,43.867404000,0.000102000
3001,43.877782000,0.000152000
3003,43.877876000,0.000059000
3005,43.877946000,0.000054000
3023,43.948253000,0.308992000
3024,43.948410000,0.000157000
3025,43.956702000,0.267253000
3026,43.956852000,0.000150000
3029,44.026528000,0.641438000
3031,44.107586000,0.417511000
3033,44.107803000,0.000106000
3035,44.198374000,0.502924000
3036,44.198561000,0.000187000
3038,44.238536000,0.607046000
3039,44.267529000,0.571004000
3041,44.267746000,0.000073000
3044,44.277474000,0.000070000
3047,44.287300000,0.000142000
3050,44.290704000,0.000106000
3053,44.307274000,0.000148000
3056,44.336758000,0.629496000
3057,44.337140000,0.000382000
3060,44.396673000,0.000147000
3061,44.411841000,0.664457000
3063,44.412195000,0.000144000
3065,44.412686000,0.000092000
3067,44.412763000,0.000062000
3069,44.427600000,0.000179000
3071,44.427716000,0.000059000
3073,44.518637000,0.000178000
3075,44.521391000,0.000162000
3077,44.523011000,0.000133000
3079,44.527049000,0.000111000
3081,44.539487000,0.000136000
3083,44.539574000,0.000050000
3085,44.547263000,0.000117000
3087,44.557716000,0.000154000
3089,44.557823000,0.000060000
3091,44.564492000,0.000129000
3093,44.572912000,0.000171000
3095,44.573025000,0.000066000
3098,44.593205000,0.000121000
3102,44.595243000,0.000086000
3104,44.607703000,0.000150000
3107,44.607811000,0.788298000
3108,44.607892000,0.000081000
3109,44.607906000,0.752787000
3110,44.607969000,0.000063000
3111,44.608384000,0.000607000
3114,44.647375000,0.784580000
3115,44.647541000,0.000166000
3117,44.647608000,0.000045000
3121,44.676974000,0.000130000
3124,44.693200000,0.000149000
3127,44.693308000,0.875361000
3128,44.693589000,0.000312000
3131,44.727875000,0.000133000
3135,44.728293000,0.000319000
3138,44.747709000,0.000122000
3141,44.748009000,0.000232000
3143,44.757436000,0.891121000
3146,44.757803000,0.000070000
3148,44.757907000,0.000058000
3150,44.807652000,0.936847000
3152,44.807894000,0.000092000
3154,44.810260000,0.000174000
3158,44.867195000,0.000138000
3162,44.877856000,1.002950000
3163,44.877938000,0.000082000
3164,44.877966000,1.002304000
3165,44.878022000,0.000056000
3166,44.878208000,0.000380000
3171,44.897794000,0.000114000
3174,44.898047000,0.000189000
3176,44.907717000,1.019577000
3177,44.907824000,0.000107000
3178,44.907862000,1.027487000
3179,44.907930000,0.000068000
3180,44.907941000,1.019442000
3181,44.908001000,0.000060000
3184,44.908915000,0.000870000
3189,44.917414000,1.028078000
3190,44.917507000,0.000093000
3191,44.917527000,1.020006000
3192,44.917585000,0.000058000
3193,44.917596000,1.019813000
3194,44.917652000,0.000056000
3195,44.917663000,1.019664000
3196,44.917749000,0.000086000
3197,44.918003000,1.012287000
3198,44.918094000,0.000091000
3199,44.918109000,1.012119000
3200,44.918173000,0.000064000
3201,44.918621000,0.001316000
3209,44.937507000,0.000164000
3211,44.937606000,0.000053000
3213,44.937664000,0.000045000
3215,44.947477000,0.000117000
3217,44.947548000,0.000043000
3219,44.947598000,0.000040000
3221,44.947646000,0.000038000
3222,44.967416000,1.061245000
3223,44.967599000,0.000183000
3224,44.967635000,1.061311000
3225,44.967733000,0.000098000
3226,44.968033000,1.054534000
3227,44.968155000,0.000122000
3228,44.968176000,1.054416000
3229,44.968246000,0.000070000
3230,44.968258000,1.048222000
3231,44.968322000,0.000064000
3232,44.968335000,1.049056000
3233,44.968396000,0.000061000
3234,44.968406000,1.054457000
3235,44.968467000,0.000061000
3247,45.007184000,0.900654000
3248,45.007406000,0.000222000
3251,45.038381000,1.081049000
3252,45.038585000,0.000204000
3253,45.060610000,1.114709000
3254,45.060854000,0.000244000
3256,45.237435000,1.127535000
3258,45.238301000,0.000656000
3260,45.417850000,1.109622000
3261,45.418051000,0.000201000
3262,45.418296000,1.219226000
3263,45.418402000,0.000106000
3265,45.418482000,0.000065000
3268,45.421862000,0.000114000
3270,45.421932000,0.000045000
3271,45.703044000,1.093250000
3273,45.703778000,0.000082000
3275,45.703857000,0.000048000
3277,45.703940000,0.000067000
3279,45.703998000,0.000045000
3280,45.704008000,1.366168000
3282,45.704087000,0.000042000
3284,45.704137000,0.000038000
3286,45.704177000,1.093937000
3288,45.704256000,0.000044000
3289,45.714548000,0.010402000
3291,45.947770000,1.297980000
3293,45.948018000,0.000072000
3295,45.950049000,0.002005000
3301,46.057807000,0.000154000
3303,46.057899000,0.000063000
3305,46.067611000,0.000157000
3307,46.067699000,0.000050000
3309,46.067812000,0.000082000
3311,46.072467000,0.000128000
3312,46.087436000,1.338238000
3315,46.087682000,0.000089000
3317,46.207467000,1.447456000
3319,46.207704000,0.000085000
3321,46.247211000,0.039480000
3322,46.287640000,1.474934000
3324,46.287925000,0.000085000
3326,46.327203000,0.039245000
3327,46.362931000,1.483639000
3329,46.363096000,0.000058000
3331,46.363176000,0.000046000
3333,46.363228000,0.000042000
3334,46.456346000,1.576761000
3336,46.475104000,0.000204000
3338,46.475233000,0.000073000
3340,46.487257000,0.000195000
3345,46.571065000,1.660393000
3347,46.571231000,0.000058000
3349,46.571315000,0.000048000
3351,46.571366000,0.000040000
3352,46.617619000,1.706426000
3354,46.617850000,0.000085000
3356,46.618534000,0.000165000
3358,46.619532000,0.000113000
3360,46.707256000,0.000123000
3362,46.716610000,0.000129000
3364,46.716700000,0.000052000
3366,46.723420000,0.000200000
3368,46.723532000,0.000062000
3370,46.723597000,0.000052000
3372,46.736856000,0.000132000
3374,46.739800000,0.000121000
3376,46.739887000,0.000048000
3378,46.739942000,0.000045000
3381,46.767845000,0.000133000
3383,46.767912000,1.856173000
3385,46.768010000,0.000051000
3387,46.768102000,0.000081000
3389,46.768286000,0.000055000
3391,46.806326000,1.885911000
3392,46.812181000,0.044302000
3394,46.817646000,0.000149000
3396,46.817734000,0.000051000
3398,46.827270000,0.000128000
3399,46.887361000,1.966315000
3401,46.887544000,0.000062000
3403,46.887628000,0.000052000
3404,46.933086000,2.009568000
3406,46.942853000,0.000128000
3408,46.942939000,0.000053000
3411,46.999560000,2.075460000
3413,46.999780000,0.000094000
3415,47.007182000,0.000141000
3417,47.007259000,0.000045000
3418,47.038281000,2.113523000
3420,47.047214000,0.000070000
3422,47.047280000,0.000041000
3427,47.144140000,0.000359000
3430,47.157685000,0.000143000
3433,47.158132000,0.000380000
3438,47.168552000,0.000688000
3439,47.210832000,2.240647000
3440,47.211003000,0.000171000
3441,47.211052000,2.285622000
3443,47.211180000,0.000072000
3445,47.211275000,0.000062000
3447,47.267070000,2.296509000
3449,47.267316000,0.000080000
3450,47.267338000,2.294426000
3452,47.277483000,0.000168000
3454,47.277587000,0.000058000
3456,47.287658000,0.000169000
3458,47.287788000,0.000086000
3460,47.287869000,0.000056000
3462,47.287931000,0.000044000
3463,47.331381000,2.357831000
3465,47.331719000,0.000109000
3467,47.331875000,0.000086000
3469,47.331959000,0.000067000
3470,47.369107000,2.395058000
3472,47.377287000,0.000144000
3474,47.388119000,0.000271000
3476,47.388440000,0.000128000
3478,47.388522000,0.000059000
3479,47.407661000,2.433178000
3481,47.408002000,0.000114000
3483,47.408190000,0.000086000
3485,47.408261000,0.000053000
3486,47.427670000,2.452631000
3488,47.427969000,0.000119000
3490,47.437162000,0.000185000
3491,47.457467000,2.481992000
3493,47.457874000,0.000197000
3495,47.457965000,0.000053000
3497,47.467384000,0.000131000
3499,47.467461000,0.000047000
3501,47.477935000,0.000118000
3503,47.478018000,0.000050000
3504,47.478028000,2.507199000
3505,47.478101000,0.000073000
3506,47.478132000,2.507098000
3507,47.478194000,0.000062000
3508,47.498117000,2.521897000
3510,47.498319000,0.000075000
3512,47.498411000,0.000050000
3514,47.498469000,0.000047000
3516,47.507826000,0.000187000
3518,47.507962000,0.000076000
3520,47.508045000,0.000068000
3522,47.517460000,0.000168000
3524,47.517575000,0.000068000
3526,47.527704000,0.000130000
3528,47.527786000,0.000045000
3533,47.528136000,0.000340000
3534,47.528208000,0.000368000
3537,47.543095000,0.015233000
3538,47.557375000,2.316219000
3540,47.557646000,0.000112000
3543,47.567638000,0.000137000
3546,47.577328000,0.000091000
3547,47.607177000,2.186893000
3549,47.607385000,0.000069000
3551,47.617416000,0.000188000
3553,47.707550000,1.993002000
3554,47.707735000,1.741629000
3555,47.707831000,0.000096000
3556,47.707887000,1.757838000
3557,47.707992000,0.000105000
3559,47.708063000,0.000059000
3560,47.708075000,1.741442000
3561,47.708275000,0.000200000
3562,47.726316000,1.759980000
3563,47.726462000,0.000146000
3564,47.736422000,1.769961000
3565,47.736579000,0.000157000
3566,47.773149000,2.764025000
3567,47.773438000,0.000289000
3569,47.807326000,1.717484000
3572,47.827237000,0.000163000
3574,47.837475000,0.000142000
3576,47.837562000,0.000051000
3577,47.847230000,0.039904000
3578,47.867193000,1.354431000
3579,47.867336000,0.000143000
3586,47.892568000,0.921345000
3587,47.892674000,0.000106000
3590,47.934319000,1.412531000
3591,47.934466000,0.000147000
3593,47.940266000,0.968723000
3595,47.944503000,0.000147000
3596,47.948229000,1.176264000
3597,47.948381000,0.000152000
3606,48.168814000,0.625719000
3607,48.192361000,0.663085000
3608,48.192542000,0.000181000
3610,48.196393000,0.552893000
3611,48.196597000,0.000204000
3614,48.200541000,0.671109000
3615,48.200694000,0.000153000
3617,48.257295000,0.483200000
3619,48.257531000,0.000081000
3622,48.260450000,0.000143000
3623,48.404910000,0.535824000
3624,48.405224000,0.000314000
3626,48.424613000,0.555270000
3627,48.424854000,0.000241000
3632,48.470839000,0.000196000
3636,48.528563000,0.000141000
3637,48.647008000,0.711518000
3639,48.657535000,0.000160000
3641,48.657641000,0.000058000
3643,48.674612000,0.563932000
3644,48.674829000,0.000217000
3645,48.696368000,0.585863000
3647,48.707409000,0.000178000
3648,48.707455000,0.596681000
3649,48.707566000,0.000111000
3650,48.726624000,0.615742000
3651,48.726835000,0.000211000
3652,48.738467000,0.627520000
3653,48.738660000,0.000193000
3655,48.868451000,0.000118000
3656,48.927278000,0.798599000
3657,48.927463000,0.000185000
3659,48.938290000,0.000283000
3662,48.940131000,0.000082000
3665,48.940332000,0.000136000
3668,48.947561000,0.000069000
3671,48.958999000,0.000140000
3674,48.963714000,0.000144000
3677,48.963944000,0.000151000
3690,48.989438000,0.000277000
3692,49.027224000,0.037703000
3694,49.053228000,0.000197000
3699,49.158423000,0.752332000
3701,49.167716000,0.000162000
3703,49.167820000,0.000064000
3705,49.172569000,0.000117000
3707,49.181460000,0.000262000
3709,49.181639000,0.000106000
3711,49.181741000,0.000079000
3713,49.187266000,0.000138000
3715,49.196950000,0.000177000
3718,49.205455000,0.000111000
3721,49.205572000,0.000046000
3722,49.217387000,0.791603000
3724,49.230051000,0.000172000
3726,49.230173000,0.000078000
3728,49.230246000,0.000056000
3729,49.230259000,0.781862000
3730,49.230366000,0.000107000
3731,49.232467000,0.260734000
3732,49.232763000,0.000296000
3735,49.237357000,0.265449000
3736,49.237552000,0.000195000
3737,49.237738000,0.265522000
3738,49.237841000,0.000103000
3739,49.237874000,0.265873000
3740,49.237941000,0.000067000
3741,49.250841000,0.278762000
3742,49.251121000,0.000280000
3743,49.268712000,0.296137000
3744,49.268864000,0.000152000
3745,49.268963000,0.296588000
3746,49.269048000,0.000085000
3747,49.269101000,0.296356000
3748,49.269176000,0.000075000
3749,49.269227000,0.296300000
3750,49.269296000,0.000069000
3751,49.269348000,0.296148000
3752,49.269411000,0.000063000
3753,49.269454000,0.197559000
3754,49.269516000,0.000062000
3755,49.270597000,0.198217000
3756,49.270711000,0.000114000
3757,49.270783000,1.077565000
3759,49.270875000,0.000043000
3761,49.277833000,0.000147000
3763,49.277920000,0.000053000
3765,49.277999000,0.000056000
3767,49.287498000,0.000139000
3769,49.287584000,0.000056000
3771,49.296613000,0.000137000
3773,49.307709000,0.000237000
3774,49.307773000,0.787354000
3775,49.307923000,0.000150000
3777,49.317240000,0.244078000
3778,49.317401000,0.000161000
3779,49.317429000,0.657237000
3782,49.323448000,0.005949000
3783,49.326777000,1.129023000
3785,49.367211000,0.263231000
3786,49.367398000,0.000187000
3788,49.377345000,0.036928000
3789,49.384208000,1.125169000
3790,49.403233000,1.201963000
3792,49.403438000,0.000065000
3793,49.436919000,0.201558000
3794,49.448527000,0.212282000
3796,49.448805000,0.000095000
3798,49.448944000,0.000077000
3799,49.477211000,0.040292000
3802,49.567518000,0.000267000
3804,49.579431000,0.000125000
3805,49.596375000,0.287266000
3807,49.617586000,0.000126000
3809,49.617671000,0.000052000
3811,49.627340000,0.000116000
3813,49.627423000,0.000047000
3815,49.645447000,0.000211000
3817,49.645572000,0.000064000
3819,49.645629000,0.000045000
3821,49.668552000,0.000137000
3823,49.668791000,0.000077000
3825,49.668865000,0.000058000
3826,49.668879000,0.300321000
3827,49.715128000,0.233957000
3828,49.715398000,0.000270000
3830,49.715583000,0.000065000
3832,49.724843000,0.000122000
3842,49.767291000,0.000150000
3844,49.777967000,0.000293000
3846,49.787340000,0.000125000
3848,49.797453000,0.000127000
3850,49.797540000,0.000052000
3852,49.806572000,0.000118000
3854,49.811649000,0.000208000
3856,49.827491000,0.000132000
3858,49.827584000,0.000055000
3860,49.827646000,0.000047000
3862,49.834691000,0.000117000
3864,49.834780000,0.000055000
3866,49.848139000,0.000200000
3868,49.848316000,0.000122000
3870,49.877001000,0.000204000
3872,49.888707000,0.000128000
3874,49.888787000,0.000046000
3876,49.888846000,0.000048000
3879,49.896689000,0.000184000
3891,49.906811000,0.000130000
3893,49.906897000,0.000050000
3895,49.917256000,0.000130000
3897,49.937801000,0.000144000
3899,49.937912000,0.200231000
3900,49.967600000,0.070657000
3901,49.967751000,0.000151000
3902,49.967800000,0.070058000
3903,49.967858000,0.000058000
3904,49.967877000,0.070438000
3905,49.967929000,0.000052000
3906,49.967947000,0.070062000
3907,49.968000000,0.000053000
3908,49.968018000,0.069995000
3909,49.968067000,0.000049000
3910,49.968085000,0.069929000
3911,49.968135000,0.000050000
3912,49.970351000,0.073195000
3913,49.970467000,0.000116000
3914,49.972643000,0.075338000
3915,49.972860000,0.000217000
3916,49.974511000,0.076931000
3917,49.974787000,0.000276000
3919,49.987461000,0.000134000
3921,49.987546000,0.000049000
3923,49.998262000,0.000138000
3925,49.998483000,0.000082000
3927,49.998582000,0.000075000
3930,50.038862000,0.142217000
3931,50.058322000,0.058381000
3932,50.058496000,0.000174000
3936,50.142921000,0.083919000
3938,50.143254000,0.000104000
3940,50.146938000,0.000116000
3942,50.187254000,0.000172000
3944,50.198196000,0.000118000
3947,50.198306000,0.000042000
3948,50.277558000,0.139203000
3950,50.277813000,0.000083000
3951,50.307806000,0.168391000
3955,50.308135000,0.000153000
3956,50.310064000,0.002000000
3960,50.317661000,0.000099000
3962,50.327897000,0.000132000
3966,50.328029000,0.000062000
3968,50.338098000,0.000274000
3971,50.338382000,0.000130000
3974,50.347437000,0.000127000
3977,50.397225000,0.040148000
3982,50.448126000,0.000136000
3983,50.507444000,0.139265000
3986,50.507625000,0.000050000
3996,51.638269000,0.587077000
3997,51.639263000,0.000994000
3999,51.639360000,0.000063000
4001,51.639422000,0.000047000
4003,51.639493000,0.000057000
4005,51.639548000,0.000040000
4007,51.642431000,0.000184000
4009,51.651254000,0.000184000
4011,51.657289000,0.000112000
4012,51.657319000,0.382361000
4013,51.657393000,0.000074000
4014,51.657412000,0.479449000
4015,51.657490000,0.000078000
4018,51.948081000,0.667628000
4019,51.948353000,0.000272000
4020,51.948378000,0.766992000
4021,51.948436000,0.000058000
4023,52.007442000,0.348877000
4025,52.007662000,0.000077000
4026,52.034366000,0.090971000
4030,52.458822000,0.509640000
4032,52.459137000,0.000098000
4034,52.459953000,0.000169000
4036,52.460408000,0.000127000
4046,53.080584000,0.616079000
4047,53.117252000,0.036668000
4049,53.124439000,0.150875000
4050,53.124613000,0.000174000
4051,53.140320000,0.166619000
4052,53.140492000,0.000172000
4054,53.186379000,0.212379000
4055,53.186514000,0.000135000
4056,53.206390000,0.232326000
4057,53.206532000,0.000142000
4058,53.226388000,0.252260000
4059,53.226526000,0.000138000
4060,53.266655000,0.292740000
4061,53.266817000,0.000162000
4068,53.460476000,0.486703000
4069,53.460659000,0.000183000
4070,53.470413000,0.496581000
4071,53.470578000,0.000165000
4072,53.536454000,0.268633000
4073,53.536642000,0.000188000
4075,53.556299000,0.288264000
4076,53.556485000,0.000186000
4078,53.564306000,0.296115000
4079,53.564478000,0.000172000
4081,53.596565000,0.328175000
4082,53.596888000,0.000323000
4084,53.606274000,0.337714000
4085,53.606437000,0.000163000
4087,53.766531000,0.621518000
4088,53.766727000,0.000196000
4090,53.797452000,0.000173000
4092,53.797807000,0.000307000
4093,53.827410000,0.289740000
4095,53.827679000,0.000081000
4097,53.827782000,0.000054000
4098,53.887390000,0.329921000
4100,53.887569000,0.000066000
4102,53.887649000,0.000046000
4104,54.498518000,0.933338000
4106,54.498708000,0.000073000
4108,54.498802000,0.000050000
4111,54.662398000,1.064314000
4113,54.664811000,0.000130000
4115,54.664902000,0.000049000
4116,54.757259000,1.148980000
4118,54.767658000,0.000116000
4120,54.767732000,0.000046000
4122,54.767787000,0.000039000
4127,55.112512000,0.137970000
4128,55.112647000,0.000135000
4129,55.126411000,0.152123000
4130,55.126563000,0.000152000
4131,55.130322000,0.156259000
4132,55.130464000,0.000142000
4133,55.198431000,1.053695000
4134,55.198670000,0.000239000
4136,55.464001000,0.489580000
4137,55.464192000,0.000191000
4143,57.117134000,0.142845000
4144,57.117318000,0.000184000
4145,57.124411000,0.149995000
4146,57.124568000,0.000157000
4147,57.148264000,0.173724000
4148,57.148453000,0.000189000
4149,57.174845000,0.200241000
4150,57.175123000,0.000278000
4151,57.186358000,0.211691000
4152,57.186511000,0.000153000
4156,58.799353000,0.000632000
4157,58.799435000,0.000458000
4158,58.808889000,0.009872000
4161,59.249095000,0.440206000
4162,59.307480000,0.340238000
4163,59.307879000,0.000399000
4165,59.629474000,0.408545000
4166,59.629685000,0.000211000
4167,59.730524000,0.421440000
4169,59.737411000,0.000118000
4171,59.739535000,0.002065000
4172,60.143878000,0.404343000
4176,60.686411000,0.058172000
4177,60.686602000,0.000191000
4181,61.002199000,0.003859000
4182,61.118515000,0.430631000
4183,61.398795000,0.710841000
4185,61.399354000,0.000198000
4187,61.628380000,0.088954000
4188,61.628512000,0.000132000
4192,61.768718000,0.138336000
4193,61.848670000,0.218106000
4195,61.927255000,0.000420000
