0,27.60.1.124,74.125.128.188,2484,2.655063000,205.9693,0,
1,27.60.1.124,173.194.36.115,4685,2.657455000,1.7192,0,
2,27.60.1.124,173.194.36.115,5397,4.188014000,1.9175,0,
3,27.60.1.124,173.194.36.115,4659,5.807520000,1.9978,0,
4,27.60.1.124,173.194.36.115,5312,7.536551000,2.4552,0,
5,27.60.1.124,173.194.36.115,5259,9.710887000,2.4262,0,
6,27.60.1.124,173.194.36.115,8140,11.888272000,9.8685,0,
7,27.60.1.124,96.17.182.9,92657,12.353506000,347.7554,23,"'http://timesofindia.indiatimes.com/'::12.353506000, 'http://timesofindia.indiatimes.com/configspace/ads/TOI_home_top.html'::73.370555000, 'http://timesofindia.indiatimes.com/niftysensexhome1.cms'::73.374411000, 'http://timesofindia.indiatimes.com/shopadcode.cms'::76.806635000, 'http://timesofindia.indiatimes.com/photo/19360129.cms'::95.118344000, 'http://timesofindia.indiatimes.com/ipl2013widgethome.cms'::99.690042000, 'http://timesofindia.indiatimes.com/photo/18627811.cms'::107.402693000, 'http://timesofindia.indiatimes.com/photo/18627825.cms'::109.437815000, 'http://timesofindia.indiatimes.com/breakingnews/breakingnews.html'::112.096950000, 'http://timesofindia.indiatimes.com/breakingnews/breakingnews.html'::124.423776000, 'http://timesofindia.indiatimes.com/breakingnews/breakingnews.html'::137.398451000, 'http://timesofindia.indiatimes.com/breakingnews/breakingnews.html'::150.297447000, 'http://timesofindia.indiatimes.com/breakingnews/breakingnews.html'::163.601786000, 'http://timesofindia.indiatimes.com/breakingnews/breakingnews.html'::178.267162000, 'http://timesofindia.indiatimes.com/breakingnews/breakingnews.html'::193.778551000, 'http://timesofindia.indiatimes.com/breakingnews/breakingnews.html'::208.360140000, 'http://timesofindia.indiatimes.com/breakingnews/breakingnews.html'::222.147537000, 'http://timesofindia.indiatimes.com/breakingnews/breakingnews.html'::245.666328000, 'http://timesofindia.indiatimes.com/breakingnews/breakingnews.html'::263.709167000, 'http://timesofindia.indiatimes.com/breakingnews/breakingnews.html'::299.869183000, 'http://timesofindia.indiatimes.com/breakingnews/breakingnews.html'::313.136083000, 'http://timesofindia.indiatimes.com/breakingnews/breakingnews.html'::337.136807000, 'http://timesofindia.indiatimes.com/breakingnews/breakingnews.html'::360.108949000"
8,27.60.1.124,96.17.182.9,656,13.134220000,15.4797,0,
9,27.60.1.124,96.17.182.9,812,13.139130000,15.4325,0,
10,27.60.1.124,96.17.182.25,812,13.379554000,15.7577,0,
11,27.60.1.124,74.125.236.14,3788,13.381345000,19.7717,2,"'http://www.google-analytics.com/__utm.gif?utmwv=5.4.1&utms=1&utmn=80962808&utmhn=timesofindia.indiatimes.com&utmcs=UTF-8&utmsr=720x1280&utmvp=720x1134&utmsc=16-bit&utmul=en-us&utmje=0&utmfl=11.1%20r115&utmdt=The%20Times%20of%20India%3A%20Latest%20News%20India%2C%20World%20%26%20Business%20News%2C%20Cricket%20%26%20Sports%2C%20Bollywood&utmhid=1749292960&utmr=-&utmp=%2F&utmht=1366559594010&utmac=UA-198011-4&utmcc=__utma%3D1.849670973.1366559594.1366559594.1366559594.1%3B%2B__utmz%3D1.1366559594.1.1.utmcsr%3D(direct)%7Cutmccn%3D(direct)%7Cutmcmd%3D(none)%3B&utmu=qh~'::13.381345000, 'http://www.google-analytics.com/__utm.gif?utmwv=5.4.1&utms=1&utmn=80962808&utmhn=timesofindia.indiatimes.com&utmcs=UTF-8&utmsr=720x1280&utmvp=720x1134&utmsc=16-bit&utmul=en-us&utmje=0&utmfl=11.1%20r115&utmdt=The%20Times%20of%20India%3A%20Latest%20News%20India%2C%20World%20%26%20Business%20News%2C%20Cricket%20%26%20Sports%2C%20Bollywood&utmhid=1749292960&utmr=-&utmp=%2F&utmht=1366559594010&utmac=UA-198011-4&utmcc=__utma%3D1.849670973.1366559594.1366559594.1366559594.1%3B%2B__utmz%3D1.1366559594.1.1.utmcsr%3D(direct)%7Cutmccn%3D(direct)%7Cutmcmd%3D(none)%3B&utmu=qh~'::16.279262000"
12,27.60.1.124,96.17.182.9,812,13.383230000,15.7083,0,
13,27.60.1.124,96.17.182.25,812,13.383930000,15.6913,0,
14,27.60.1.124,96.17.182.9,812,13.384405000,15.6290,0,
15,27.60.1.124,23.35.36.211,1630,13.385702000,13.8882,1,'http://cdn.optimizely.com/js/83181943.js'::16.735864000
16,27.60.1.124,173.194.36.111,6012,13.387312000,195.2908,0,
17,27.60.1.124,173.194.36.77,1280,13.389040000,15.6620,0,
18,27.60.1.124,96.17.182.41,2790,13.389797000,87.8937,2,"'http://b.scorecardresearch.com/b?c1=2&c2=6036484&ns__t=1366559594034&ns_c=UTF-8&c8=The%20Times%20of%20India%3A%20Latest%20News%20India%2C%20World%20%26%20Business%20News%2C%20Cricket%20%26%20Sports%2C%20Bollywood&c7=http%3A%2F%2Ftimesofindia.indiatimes.com%2F&c9='::13.389797000, 'http://b.scorecardresearch.com/b2?c1=2&c2=6036484&ns__t=1366559594034&ns_c=UTF-8&c8=The%20Times%20of%20India%3A%20Latest%20News%20India%2C%20World%20%26%20Business%20News%2C%20Cricket%20%26%20Sports%2C%20Bollywood&c7=http%3A%2F%2Ftimesofindia.indiatimes.com%2F&c9='::16.786063000"
19,27.60.1.124,173.194.36.90,1124,13.454238000,13.8892,0,
20,27.60.1.124,96.17.182.25,812,13.629365000,15.3499,0,
21,27.60.1.124,96.17.182.25,880,13.631558000,15.2822,0,
22,27.60.1.124,23.35.36.211,812,13.632249000,13.4655,0,
23,27.60.1.124,74.125.235.47,8776,13.634772000,195.4135,0,
24,27.60.1.124,74.125.236.25,1124,13.636833000,15.2572,0,
25,27.60.1.124,96.17.182.9,880,13.666260000,16.7485,0,
26,27.60.1.124,173.194.36.109,1280,13.701432000,19.4718,0,
27,27.60.1.124,96.17.182.9,812,13.847562000,19.2874,0,
28,27.60.1.124,96.17.182.9,812,13.851664000,19.2832,0,
29,27.60.1.124,96.17.182.25,812,13.913675000,18.3999,0,
30,27.60.1.124,96.17.182.25,812,14.096074000,18.1179,0,
31,27.60.1.124,96.17.182.25,812,14.100514000,18.0811,0,
32,27.60.1.124,96.17.182.9,880,14.426260000,17.7551,0,
33,27.60.1.124,96.17.182.9,812,14.430567000,16.6142,0,
34,27.60.1.124,96.17.182.9,880,14.434131000,16.6132,0,
35,27.60.1.124,96.17.182.9,812,14.436960000,16.6075,0,
36,27.60.1.124,96.17.182.9,812,14.440672000,16.6046,0,
37,27.60.1.124,96.17.182.9,812,14.444231000,16.5998,0,
38,27.60.1.124,96.17.182.9,812,14.449035000,16.5939,0,
39,27.60.1.124,96.17.182.25,812,14.674617000,16.0990,0,
40,27.60.1.124,96.17.182.25,812,14.678769000,16.0765,0,
41,27.60.1.124,96.17.182.25,812,14.682801000,16.0307,0,
42,27.60.1.124,96.17.182.25,812,14.686068000,15.9855,0,
43,27.60.1.124,96.17.182.25,812,14.689223000,15.9565,0,
44,27.60.1.124,96.17.182.25,812,14.692284000,15.9235,0,
45,27.60.1.124,96.17.182.25,812,14.697492000,15.8563,0,
46,27.60.1.124,96.17.182.9,812,14.745127000,15.7907,0,
47,27.60.1.124,96.17.182.25,812,14.995382000,15.5167,0,
48,27.60.1.124,96.17.182.9,812,15.033946000,15.4320,0,
49,27.60.1.124,96.17.182.25,812,15.288206000,15.1560,0,
50,27.60.1.124,23.35.36.211,580,16.476052000,10.5791,0,
51,27.60.1.124,23.35.36.211,580,16.729869000,10.2643,0,
52,27.60.1.124,96.17.182.9,580,18.463067000,8.4821,0,
53,27.60.1.124,96.17.182.16,648,18.713407000,14.5417,0,
54,27.60.1.124,223.165.31.15,1688,18.766630000,15.9165,1,'http://ads.indiatimes.com/ads.dll/genptypead?slotid=3736'::20.255161000
55,27.60.1.124,223.165.31.12,7454,18.771144000,55.5491,4,"'http://netspiderads3.indiatimes.com/ads.dll/getjsonad?slotid=1556'::20.305975000, 'http://netspiderads3.indiatimes.com/ads.dll/getad?slotid=1202'::69.813564000, 'http://netspiderads3.indiatimes.com/ads.dll/getad?slotid=1203'::70.476843000, 'http://netspiderads3.indiatimes.com/ads.dll/getad?slotid=667'::73.350545000"
56,27.60.1.124,96.17.182.18,580,18.775409000,14.4156,0,
57,27.60.1.124,74.125.135.95,912,18.780447000,14.4803,0,
58,27.60.1.124,223.165.31.15,576,18.837504000,14.7214,0,
59,27.60.1.124,223.165.31.12,576,18.838051000,14.7032,0,
60,27.60.1.124,223.165.31.15,720,19.016731000,15.6664,0,
61,27.60.1.124,223.165.31.12,652,19.021205000,15.6722,0,
62,27.60.1.124,96.17.182.18,656,19.025585000,15.5954,0,
63,27.60.1.124,74.125.135.95,988,19.030275000,15.7177,0,
64,27.60.1.124,223.165.31.15,652,19.088380000,15.6063,0,
65,27.60.1.124,223.165.31.12,652,19.088982000,15.6044,0,
66,27.60.1.124,23.35.36.211,656,19.668497000,14.9865,0,
67,27.60.1.124,107.22.230.82,3322,19.678692000,91.4945,2,"'http://83181943.log.optimizely.com/event?a=83181943&d=83181943&y=false&f=199635642,199635883&s173546250=none&s173135501=direct&s204421524=true&s173156618=ff&s173154410=true&n=http%3A%2F%2Ftimesofindia.indiatimes.com%2F&u=oeu1366559600090r0.18013747730420238&wxhr=true&t=1366559600124'::26.849782000, 'http://83181943.log.optimizely.com/event?a=83181943&d=83181943&y=false&f=199635642,199635883&s173546250=none&s173135501=direct&s204421524=true&s173156618=ff&s173154410=true&n=http%3A%2F%2Ftimesofindia.indiatimes.com%2F&u=oeu1366559600090r0.18013747730420238&wxhr=true&t=1366559600124'::48.429174000"
68,27.60.1.124,173.194.36.90,6215,19.681617000,81.6641,1,'http://pubads.g.doubleclick.net/gampad/ads?gdfp_req=1&correlator=3736217854018026&output=json_html&callback=googletag.impl.pubads.setAdContentsBySlotForSync&impl=ss&json_a=1&eid=108809001&iu_parts=7176%2CTOI%2CTOI_Home%2CTOI_Home_Home%2CTOI_HP_ATF_300%2CTOI_HP_BTF_300%2CTOI_HP_BTF_2_300%2CTOI_HP_BTF_728%2CTOI_HP_OP_Innov1%2CTOI_HP_OP_Innov2%2CTOI_HP_OP_Inter%2CTOI_HP_OP_Pop%2CTOI_HP_OP_Shosh&enc_prev_ius=%2F0%2F1%2F2%2F3%2F4%2C%2F0%2F1%2F2%2F3%2F5%2C%2F0%2F1%2F2%2F3%2F6%2C%2F0%2F1%2F2%2F3%2F7%2C%2F0%2F1%2F2%2F3%2F8%2C%2F0%2F1%2F2%2F3%2F9%2C%2F0%2F1%2F2%2F3%2F10%2C%2F0%2F1%2F2%2F3%2F11%2C%2F0%2F1%2F2%2F3%2F12&prev_iu_szs=300x250%7C300x1050%2C300x250%2C300x250%2C728x90%7C1003x90%2C1x1%2C1x1%2C1x1%2C1x1%2C1x1&ists=31&prev_scp=L1%3D%26L2%3D%26L3%3D%26H1%3D%26ARC1%3D%26Hyp1%3D%7CL1%3D%26L2%3D%26L3%3D%26H1%3D%26ARC1%3D%26Hyp1%3D%7CL1%3D%26L2%3D%26L3%3D%26H1%3D%26ARC1%3D%26Hyp1%3D%7CL1%3D%26L2%3D%26L3%3D%26H1%3D%26ARC1%3D%26Hyp1%3D%7CL1%3D%26L2%3D%26L3%3D%26H1%3D%26ARC1%3D%26Hyp1%3D%7CL1%3D%26L2%3D%26L3%3D%26H1%3D%26ARC1%3D%26Hyp1%3D%7CL1%3D%26L2%3D%26L3%3D%26H1%3D%26ARC1%3D%26Hyp1%3D%7CL1%3D%26L2%3D%26L3%3D%26H1%3D%26ARC1%3D%26Hyp1%3D%7CL1%3D%26L2%3D%26L3%3D%26H1%3D%26ARC1%3D%26Hyp1%3D&cust_params=article%3D&cookie_enabled=1&lmt=1366559170&dt=1366559600258&biw=980&bih=1544&oid=3&gut=v2&ifi=1&u_tz=330&u_his=2&u_h=1280&u_w=720&u_ah=1280&u_aw=720&u_cd=16&u_nplug=1&u_nmime=2&u_sd=1&flash=11.1.115&url=http%3A%2F%2Ftimesofindia.indiatimes.com%2F&adks=2183620676%2C3382079902%2C3201633559%2C2461631983%2C2925889651%2C3177099842%2C1289472957%2C75062424%2C2018634876&vrg=20&vrp=20&ga_vid=509860897.1366559600&ga_sid=1366559600&ga_hid=1234086851'::26.631357000
69,27.60.1.124,107.22.230.82,3067,19.748492000,91.4372,2,"'http://83181943.log.optimizely.com/event?a=83181943&d=83181943&y=false&f=199635642,199635883&s173546250=none&s173135501=direct&s204421524=true&s173156618=ff&s173154410=true&s203573048=true&n=http%3A%2F%2Ftimesofindia.indiatimes.com%2F&u=oeu1366559600090r0.18013747730420238&t=1366559600400'::26.914770000, 'http://83181943.log.optimizely.com/event?a=83181943&d=83181943&y=false&f=199635642,199635883&s173546250=none&s173135501=direct&s204421524=true&s173156618=ff&s173154410=true&s203573048=true&n=http%3A%2F%2Ftimesofindia.indiatimes.com%2F&u=oeu1366559600090r0.18013747730420238&t=1366559600400'::48.429407000"
70,27.60.1.124,23.35.36.211,500,19.908062000,14.7752,0,
71,27.60.1.124,50.19.107.188,656,19.917655000,15.0377,0,
72,27.60.1.124,173.194.36.122,1124,19.921928000,14.8048,0,
73,27.60.1.124,50.19.107.188,656,20.076534000,14.9150,0,
74,27.60.1.124,173.194.36.90,1124,20.108356000,14.6653,0,
75,27.60.1.124,107.22.230.82,968,20.108967000,14.8807,0,
76,27.60.1.124,107.22.230.82,352,20.109342000,11.7365,0,
77,27.60.1.124,173.194.36.122,1124,20.370365000,14.4391,0,
78,27.60.1.124,50.19.107.188,352,20.371009000,11.8627,0,
79,27.60.1.124,50.19.107.188,656,20.371493000,14.6819,0,
80,27.60.1.124,173.194.36.123,5439,68.621987000,32.7235,2,"'http://ad.doubleclick.net/N7176/adj/IPL2013_MKT/IPL2013_CMS_HP;sz=980x40,980x30;ord=464203488342033?'::68.790087000, 'http://ad.doubleclick.net/N7176/adj/TOI/Google_Hangouts_TOI_HP_337x46;sz=337x46;ord=464203488342033?'::69.814922000"
81,27.60.1.124,223.165.31.12,1868,69.814441000,5.7810,1,'http://netspiderads3.indiatimes.com/ads.dll/getad?slotid=160'::73.373665000
82,27.60.1.124,223.165.31.12,2722,70.049715000,9.0466,1,'http://netspiderads3.indiatimes.com/ads.dll/getad?slotid=679'::73.410117000
83,27.60.1.124,96.17.182.25,18822,71.306251000,24.8573,1,'http://adscontent3.indiatimes.com/photo/19629459.cms'::75.618132000
84,27.60.1.124,223.165.25.205,1554,72.683581000,132.6725,1,'http://geodataservice205.indiatimes.com/getGeo.aspx?rettype=json&detail=completedetail&callback=weatherinfo&key=net$pider@til'::73.350093000
85,27.60.1.124,223.165.25.20,4283,72.717520000,28.6695,2,"'http://netspiderads2.indiatimes.com/ads.dll/getad?slotid=36441'::73.371987000, 'http://netspiderads2.indiatimes.com/ads.dll/getad?slotid=36300'::76.917024000"
86,27.60.1.124,223.165.25.20,2351,72.717669000,22.3514,1,'http://netspiderads2.indiatimes.com/ads.dll/genptypead?slotid=35823&srands=1366559651000&shtype=3'::73.457713000
87,27.60.1.124,96.17.182.27,1074,72.816225000,22.5232,0,
88,27.60.1.124,223.165.25.205,416,73.019729000,22.4156,0,
89,27.60.1.124,223.165.25.20,416,73.159658000,22.2604,0,
90,27.60.1.124,96.17.182.9,6092,73.375024000,26.8171,2,"'http://timesofindia.indiatimes.com/configspace/ads/toigoogleads.html'::76.206158000, 'http://timesofindia.indiatimes.com/personalisation_reco.cms'::99.712683000"
91,27.60.1.124,96.17.182.9,5286,73.375529000,26.8603,2,"'http://timesofindia.indiatimes.com/shadiadcodenri.cms?section=homepage'::76.206402000, 'http://timesofindia.indiatimes.com/iplwidgetcss.cms?version=4'::99.944284000"
92,27.60.1.124,96.17.182.9,42112,73.376205000,36.3693,3,"'http://timesofindia.indiatimes.com/configspace/ads/TOIHP_Right.html'::76.206552000, 'http://timesofindia.indiatimes.com/jquery_toi.cms'::99.952284000, 'http://timesofindia.indiatimes.com/photo/18627791.cms'::109.441033000"
93,27.60.1.124,96.17.182.9,1762,73.394485000,21.3209,1,'http://timesofindia.indiatimes.com/tpoint_fans2.cms?type=toi'::76.206994000
94,27.60.1.124,96.17.182.9,1745,73.395263000,21.3707,1,'http://timesofindia.indiatimes.com/poll.cms'::76.207203000
95,27.60.1.124,96.17.182.9,1764,73.410834000,21.6339,1,'http://timesofindia.indiatimes.com/tmoney.cms?msid=-2128958273'::76.207373000
96,27.60.1.124,184.173.179.34,1108,73.416147000,21.1597,0,
97,27.60.1.124,96.17.182.25,6310,73.592037000,26.5901,2,"'http://timesofindia.indiatimes.com/latestnewstab/1221656.cms'::77.738046000, 'http://timesofindia.indiatimes.com/photo/6713473.cms'::99.698111000"
98,27.60.1.124,96.17.182.25,8054,73.592339000,26.5216,3,"'http://timesofindia.indiatimes.com/horoscopeshow.cms?msid=121233212&contenttype=1&popup=1&arc=1&sunsign=1&timetype=1&astroid=1&B1=Go'::77.788924000, 'http://timesofindia.indiatimes.com/photo/4156181.cms'::95.333382000, 'http://timesofindia.indiatimes.com/breakingnews/breakingnews.html'::99.696456000"
99,27.60.1.124,96.17.182.25,792,73.592632000,22.0343,0,
100,27.60.1.124,96.17.182.25,1152,73.615913000,32.3604,0,
101,27.60.1.124,96.17.182.25,1152,73.616205000,32.1913,0,
102,27.60.1.124,96.17.182.25,1152,73.635090000,32.1789,0,
103,27.60.1.124,96.17.182.18,736,74.829878000,21.1779,0,
104,27.60.1.124,96.17.182.18,736,75.084419000,20.9223,0,
105,27.60.1.124,96.17.182.18,736,75.263046000,20.7441,0,
106,27.60.1.124,96.17.182.18,736,75.504723000,20.5112,0,
107,27.60.1.124,98.124.156.54,6931,76.767663000,24.8088,3,"'http://www9.effectivemeasure.net/v4/em_js?flag=0&v=&vt=&hl=&sv=0&pv=&pn=&p=aHR0cDovL3RpbWVzb2ZpbmRpYS5pbmRpYXRpbWVzLmNvbS8%3D&r=&f=1&ns=_em&rnd=0.1142850684719342&u=&sf=1&'::95.296487000, 'http://www9.effectivemeasure.net/v4/em4.swf'::98.417361000, 'http://www9.effectivemeasure.net/v4/em_dimg?flag=2&v=37c02ead9a16466526eb3a3a70d751740bbf648bd7-6230925551740bbf&vt=dbfaa36eeadca29ede08baca9bdb51740bbf648b14-2710941151740bbf&hl=&sv=0&pv=&pn=&p=aHR0cDovL3RpbWVzb2ZpbmRpYS5pbmRpYXRpbWVzLmNvbS8%3D&r=&f=1&ns=_em&rnd=0.487443787733874&u=&sf=1&'::99.747001000"
108,27.60.1.124,98.124.156.54,2159,76.768378000,24.8075,1,'http://www9.effectivemeasure.net/v4/em_ck_img?hl=1&r=0.2973444215612364'::99.748685000
109,27.60.1.124,223.165.24.181,1112,76.817569000,24.6982,0,
110,27.60.1.124,223.165.24.181,1112,76.818138000,24.6981,0,
111,27.60.1.124,173.194.36.109,1268,76.985974000,24.4504,0,
112,27.60.1.124,173.194.36.109,1268,76.986470000,24.4500,0,
113,27.60.1.124,173.194.36.109,1200,76.987005000,24.5089,0,
114,27.60.1.124,173.194.36.77,2926,77.287367000,265.1478,1,'http://googleads.g.doubleclick.net/pagead/ads?client=ca-timesofindia_site_js&output=js&num_ads=2&channel=TOI_home_top&ad_type=text&adtest=off&ea=0&color_line=ff0000&feedback_link=on&flash=11.1.115&url=http%3A%2F%2Ftimesofindia.indiatimes.com%2F&adsafe=high&dt=1366559655525&shv=r20130411&cbv=r20130206&saldr=1&correlator=1366559655678&frm=23&adk=511001906&ga_vid=1551192271.1366559656&ga_sid=1366559656&ga_hid=350553930&ga_fc=0&u_tz=330&u_his=2&u_java=0&u_h=1280&u_w=720&u_ah=1280&u_aw=720&u_cd=16&u_nplug=1&u_nmime=2&dff=sans-serif&dfs=16&biw=980&bih=1544&isw=670&ish=90&ifk=2971393465&oid=3&loc=http%3A%2F%2Ftimesofindia.indiatimes.com%2F&fu=4&ifi=1&dtd=183'::95.224517000
115,27.60.1.124,173.194.36.77,1200,77.288119000,24.1572,0,
116,27.60.1.124,96.17.182.18,4934,95.304674000,5.9689,2,"'http://adscontent2.indiatimes.com/NS_Flash_v8.js'::97.748671000, 'http://adscontent2.indiatimes.com/photo/17924807.cms'::98.938738000"
117,27.60.1.124,96.17.182.18,424,95.555960000,5.7073,0,
118,27.60.1.124,98.124.156.54,1736,95.919415000,5.6366,1,'http://www9.effectivemeasure.net/img.gif'::99.750317000
119,27.60.1.124,98.124.156.54,424,95.920666000,5.6361,0,
120,27.60.1.124,223.165.24.180,580,95.921642000,8.4956,0,
121,27.60.1.124,223.165.24.180,648,95.922514000,8.4808,0,
122,27.60.1.124,74.125.235.57,504,95.927618000,8.4885,0,
123,27.60.1.124,74.125.235.57,560,95.928562000,8.4873,0,
124,27.60.1.124,74.125.235.57,504,95.929629000,8.4615,0,
125,27.60.1.124,74.125.235.58,504,96.010376000,8.3729,0,
126,27.60.1.124,74.125.235.58,504,96.011564000,8.3561,0,
127,27.60.1.124,96.17.182.18,424,96.032307000,5.2211,0,
128,27.60.1.124,173.192.219.134,2287,96.058200000,254.9603,0,
129,27.60.1.124,96.17.182.18,424,96.285414000,4.9661,0,
130,27.60.1.124,23.35.34.127,4792,99.827700000,0.7237,1,'http://static.chartbeat.com/js/chartbeat.js'::100.194586000
131,27.60.1.124,23.35.34.127,424,100.077736000,6.1087,0,
132,27.60.1.124,96.17.182.19,2399,100.084831000,0.7507,1,'http://www.speakingtree.in/cache/toi?feed=article&type=featured&limit=46&callback=sptree'::100.477118000
133,27.60.1.124,96.17.182.19,492,100.086428000,6.0891,0,
134,27.60.1.124,31.13.79.17,7906,100.087802000,134.3497,1,'http://www.facebook.com/plugins/like.php?app_id=117787264903013&href=http%3A%2F%2Fwww.facebook.com%2FTimesofIndia&send=false&layout=button_count&width=450&show_faces=false&action=like&colorscheme=light&font=arial&height=21'::100.619167000
135,27.60.1.124,31.13.79.17,492,100.089796000,6.1857,0,
136,27.60.1.124,96.17.182.25,3320,100.194500000,0.6719,1,'http://timesofindia.indiatimes.com/icons/toifavicon.ico'::100.478906000
137,27.60.1.124,65.54.82.164,48266,100.211853000,4.3796,1,'http://ajax.aspnetcdn.com/ajax/jQuery/jquery-1.7.2.min.js'::100.666804000
138,27.60.1.124,65.54.82.164,560,100.212273000,6.0633,0,
139,27.60.1.124,223.165.26.45,3188,100.477489000,1.2681,1,'http://crifeeds.timesofindia.indiatimes.com/GetCalender.json'::100.876342000
140,27.60.1.124,223.165.26.45,580,100.478058000,5.7913,0,
141,27.60.1.124,23.35.34.127,424,100.585889000,5.6004,0,
142,27.60.1.124,23.35.34.127,424,100.586141000,5.6002,0,
143,27.60.1.124,96.17.182.9,424,100.616538000,5.5696,0,
144,27.60.1.124,96.17.182.9,424,100.619500000,5.5696,0,
145,27.60.1.124,65.54.82.166,560,100.826572000,5.4593,0,
146,27.60.1.124,65.54.82.166,560,100.826874000,5.4589,0,
147,27.60.1.124,223.165.26.45,648,100.877917000,6.3677,0,
148,27.60.1.124,223.165.26.45,580,100.878438000,6.3670,0,
149,27.60.1.124,184.73.194.227,1510,101.036282000,2.0069,1,'http://ping.chartbeat.net/ping?h=timesofindia.indiatimes.com&p=%2F&u=uyk2lri89189acw0&d=timesofindia.indiatimes.com&g=10538&g0=Home%20Page&n=1&f=1&c=0&x=0&y=5275&w=1544&j=45&R=1&W=0&I=0&E=0&r=&b=86398&t=vyxrz4zn97kurqv7&V=9&i=The%20Times%20of%20India%3A%20Latest%20News%20India%2C%20World%20%26%20Business%20News%2C%20Cricket%20%26%20Sports%2C%20Bollywood&_'::101.658079000
150,27.60.1.124,184.73.194.227,424,101.037447000,2.8779,0,
151,27.60.1.124,96.17.182.19,3482,101.075073000,0.4495,1,'http://images.speakingtree.iimg.in/files/rsz/fit_s_60x54/files/04-2013/1/3fbff0e6b620e4d259dc427abc6574da_1366354645.jpg'::101.338401000
152,27.60.1.124,96.17.182.19,424,101.075943000,6.0874,0,
153,27.60.1.124,184.31.3.206,580,101.390321000,6.0792,0,
154,27.60.1.124,184.31.3.206,45022,101.393422000,93.3514,2,"'http://m-static.ak.fbcdn.net/rsrc.php/v2/ym/r/ZNvP2GeaXvL.js'::101.999043000, 'http://m-static.ak.fbcdn.net/rsrc.php/v2/yh/r/1dQf_ATK831.png'::104.048107000"
155,27.60.1.124,174.129.219.231,424,101.411220000,2.8263,0,
156,27.60.1.124,174.129.219.231,424,101.412229000,2.7933,0,
157,27.60.1.124,96.17.182.19,424,101.437384000,5.7117,0,
158,27.60.1.124,96.17.182.19,424,101.437974000,5.7095,0,
159,27.60.1.124,184.31.3.206,424,102.069887000,6.5121,0,
160,27.60.1.124,184.31.3.206,648,102.072187000,6.5095,0,
161,27.60.1.124,96.17.182.25,2165,104.789067000,0.4665,1,'http://www.indiatimes.com/static_pages/indiatimes.json'::104.871554000
162,27.60.1.124,96.17.182.25,492,104.790422000,5.3868,0,
163,27.60.1.124,118.214.111.139,65654,104.791506000,1.1946,1,'http://connect.facebook.net/en_US/all.js'::104.977482000
164,27.60.1.124,118.214.111.139,424,104.792742000,5.4517,0,
165,27.60.1.124,68.232.44.139,58550,104.794011000,6.8375,2,"'http://platform.twitter.com/widgets.js'::105.021463000, 'http://platform.twitter.com/widgets/follow_button.1366232305.html'::106.274022000"
166,27.60.1.124,68.232.44.139,368,104.795236000,5.4625,0,
167,27.60.1.124,23.11.235.43,1748,105.267518000,0.7978,1,'http://card.cricket.timesofindia.indiatimes.com/cricketscorecard/htmlscore/flvmapjson.html'::105.438990000
168,27.60.1.124,23.11.235.43,424,105.269023000,5.9929,0,
169,27.60.1.124,96.17.182.17,5434,105.438113000,170.9943,1,'http://media.indiatimes.in/media/photogallery/2013/Apr/fullres_1366445810_1366445822_100x75.jpg'::105.801057000
170,27.60.1.124,173.252.73.52,492,105.439955000,6.0865,0,
171,27.60.1.124,173.252.73.52,492,105.440847000,6.0553,0,
172,27.60.1.124,96.17.182.17,424,105.442888000,5.7607,0,
173,27.60.1.124,96.17.182.11,424,105.828468000,5.3668,0,
174,27.60.1.124,96.17.182.11,424,105.830953000,5.4348,0,
175,27.60.1.124,31.13.79.17,5802,106.306330000,8.1202,0,
176,27.60.1.124,96.17.182.32,24046,106.357918000,8.1502,2,"'http://static.ak.facebook.com/connect/xd_arbiter.php?version=23'::106.405735000, 'http://static.ak.facebook.com/connect/xd_arbiter.php?version=23'::114.269266000"
177,27.60.1.124,173.252.73.52,6880,106.547315000,188.6850,0,
178,27.60.1.124,223.165.26.45,6634,107.400428000,0.5048,1,'http://crifeeds.timesofindia.indiatimes.com/GetCurrentScoreCardkppw2104.json'::107.544003000
179,27.60.1.124,223.165.26.45,580,107.517367000,5.7127,0,
180,27.60.1.124,23.35.33.224,1467,107.638049000,0.1481,1,'http://p.twitter.com/f.gif?_=1366559686740&id=twitter-widget-0&lang=en&screen_name=timesofindia&show_count=false&show_screen_name=true&size=m&twttr_variant=2.0&twttr_referrer=http%3A%2F%2Ftimesofindia.indiatimes.com%2F&twttr_widget=1&twttr_hask=0&twttr_li=0&twttr_pid='::107.687753000
181,27.60.1.124,23.35.33.224,424,107.658955000,5.4872,0,
182,27.60.1.124,23.35.81.224,424,110.168440000,6.0375,0,
183,27.60.1.124,118.214.98.110,16485,111.394667000,1.1816,0,
184,27.60.1.124,199.7.57.72,3321,112.687672000,0.9524,1,'http://ocsp.verisign.com/'::113.077790000
185,27.60.1.124,199.7.57.72,360,112.688524000,5.8738,0,
186,27.60.1.124,199.7.57.72,3321,112.689528000,0.9516,1,'http://ocsp.verisign.com/'::113.079263000
187,27.60.1.124,199.7.57.72,360,112.690829000,7.1976,0,
188,27.60.1.124,199.7.57.72,360,118.146468000,6.5631,0,
189,27.60.1.124,199.7.57.72,360,118.146868000,6.5264,0,
190,27.60.1.124,199.7.57.72,360,118.147215000,6.5083,0,
191,27.60.1.124,199.7.57.72,360,118.147579000,6.6060,0,
192,27.60.1.124,173.194.36.97,7414,144.497018000,139.7950,0,
193,27.60.1.124,173.194.36.64,7268,146.031603000,64.0841,2,"'http://safebrowsing.clients.google.com/safebrowsing/downloads?client=Fennec&appver=19.0.2&pver=2.2&wrkey=AKEgNis3X2F3oYPVZvqOPHppyEJR3v9l5Ex8bpWmoV_xG2SQIZefemDs88s22JU0QQes2FIWl7VNzCM0nMYIkPXg1V0NuzgBOw=='::146.204975000, 'http://safebrowsing.clients.google.com/safebrowsing/downloads?client=Fennec&appver=19.0.2&pver=2.2&wrkey=AKEgNis3X2F3oYPVZvqOPHppyEJR3v9l5Ex8bpWmoV_xG2SQIZefemDs88s22JU0QQes2FIWl7VNzCM0nMYIkPXg1V0NuzgBOw=='::206.574383000"
194,27.60.1.124,63.116.58.151,2640,151.645340000,2.4153,1,'http://samsungvuiasr.vlingo.com/voicepad/hello'::152.450953000
195,27.60.1.124,69.171.224.42,68,176.877625000,-0.0000,0,
196,27.60.1.124,69.171.224.42,68,176.877991000,0.0000,0,
197,27.60.1.124,31.13.79.17,68,176.878366000,-0.0000,0,
198,27.60.1.124,96.17.182.27,424,194.113977000,14.2630,0,
199,27.60.1.124,96.17.182.27,424,194.114343000,14.2624,0,
200,27.60.1.124,96.17.182.27,424,194.114670000,14.2476,0,
201,27.60.1.124,96.17.182.27,424,194.115035000,14.2336,0,
202,27.60.1.124,96.17.182.27,424,194.115400000,14.2316,0,
203,27.60.1.124,96.17.182.27,424,194.115755000,14.2314,0,
204,27.60.1.124,96.17.182.27,424,194.428019000,13.9492,0,
205,27.60.1.124,96.17.182.27,424,194.428206000,13.9491,0,
206,27.60.1.124,96.17.182.27,656,194.428327000,13.9487,0,
207,27.60.1.124,96.17.182.27,656,194.428436000,13.9487,0,
208,27.60.1.124,96.17.182.27,656,194.428549000,13.9617,0,
209,27.60.1.124,96.17.182.27,656,194.428670000,13.9485,0,
210,27.60.1.124,173.194.36.83,192,203.969912000,4.5402,0,
211,27.60.1.124,184.73.194.227,656,204.939734000,9.0225,0,
212,27.60.1.124,174.129.219.231,1566,205.184238000,6.2940,1,'http://ping.chartbeat.net/ping?h=timesofindia.indiatimes.com&p=%2F&u=uyk2lri89189acw0&d=timesofindia.indiatimes.com&g=10538&g0=Home%20Page&n=1&f=1&c=1.74&x=2326&y=5403&w=1544&j=30&R=1&W=0&I=0&E=15&b=86398&t=vyxrz4zn97kurqv7&V=9&_'::208.790303000
213,27.60.1.124,184.73.194.227,424,206.341050000,7.6063,0,
214,27.60.1.124,174.129.219.231,492,206.589494000,7.3576,0,
215,27.60.1.124,31.13.79.17,32337,208.777096000,119.7189,0,
216,27.60.1.124,173.252.73.52,1980,213.783182000,19.8445,0,
217,27.60.1.124,173.252.73.52,2076,213.792881000,20.6447,0,
218,27.60.1.124,173.252.73.52,2132,233.201281000,62.0511,0,
219,27.60.1.124,173.252.73.52,2132,233.357112000,61.8954,0,
220,27.60.1.124,223.165.30.21,884,237.873934000,54.7186,0,
221,27.60.1.124,96.17.182.16,728,241.274351000,51.6259,0,
222,27.60.1.124,184.73.194.227,728,249.001051000,48.0111,0,
223,27.60.1.124,174.129.219.231,796,249.257399000,47.8349,0,
224,27.60.1.124,184.73.194.227,1737,264.020355000,15.2720,1,'http://ping.chartbeat.net/ping?h=timesofindia.indiatimes.com&p=%2F&u=uyk2lri89189acw0&d=timesofindia.indiatimes.com&g=10538&g0=Home%20Page&n=1&f=1&c=2.47&x=2752&y=5403&w=1544&j=30&R=1&W=0&I=0&E=30&r=&b=86398&t=vyxrz4zn97kurqv7&V=9&i=The%20Times%20of%20India%3A%20Latest%20News%20India%2C%20World%20%26%20Business%20News%2C%20Cricket%20%26%20Sports%2C%20Bollywood&_'::276.133596000
225,27.60.1.124,174.129.219.231,1602,264.269773000,15.0423,1,'http://ping.chartbeat.net/ping?h=timesofindia.indiatimes.com&p=%2F&u=uyk2lri89189acw0&d=timesofindia.indiatimes.com&g=10538&g0=Home%20Page&n=1&f=1&c=2.72&x=2752&y=5403&w=1544&j=45&R=1&W=0&I=0&E=30&b=86398&t=vyxrz4zn97kurqv7&V=9&_'::276.294284000
226,27.60.1.124,184.73.194.227,492,275.514689000,6.6572,0,
227,27.60.1.124,184.73.194.227,424,275.516100000,6.5959,0,
228,27.60.1.124,174.129.219.231,424,275.762175000,6.4503,0,
229,27.60.1.124,174.129.219.231,492,275.768037000,6.4447,0,
230,27.60.1.124,223.165.30.21,580,276.064344000,8.3083,0,
231,27.60.1.124,173.194.38.180,4649,276.080830000,8.0913,0,
232,27.60.1.124,173.194.38.180,8723,277.396922000,8.7533,0,
233,27.60.1.124,173.194.38.180,4593,277.412434000,8.0165,0,
234,27.60.1.124,96.17.182.19,424,277.901777000,8.2490,0,
235,27.60.1.124,74.125.128.188,21267,278.614143000,93.6363,0,
236,27.60.1.124,223.165.24.182,492,287.014251000,7.9777,0,
237,27.60.1.124,223.165.24.182,764,287.672383000,7.7396,0,
238,27.60.1.124,50.16.231.96,1515,298.193520000,4.0591,1,'http://ping.chartbeat.net/ping?h=timesofindia.indiatimes.com&p=%2F&u=uyk2lri89189acw0&d=timesofindia.indiatimes.com&g=10538&g0=Home%20Page&n=1&f=1&c=3.29&x=0&y=5403&w=1544&j=30&R=1&W=0&I=0&E=45&b=86398&t=vyxrz4zn97kurqv7&V=9&_'::298.823200000
239,27.60.1.124,54.225.239.76,424,298.443074000,3.8295,0,
240,27.60.1.124,63.116.58.148,2640,325.301452000,4.3541,1,'http://samsungvuiasr.vlingo.com/voicepad/hello'::327.209320000
241,27.60.1.124,184.173.179.39,2078,337.936864000,14.4216,0,
242,27.60.1.124,50.16.231.96,1662,359.255162000,12.1255,2,"'http://ping.chartbeat.net/ping?h=timesofindia.indiatimes.com&p=%2F&u=uyk2lri89189acw0&d=timesofindia.indiatimes.com&g=10538&g0=Home%20Page&n=1&f=1&c=4.3&x=0&y=5403&w=1544&j=45&R=1&W=0&I=0&E=45&b=86398&t=vyxrz4zn97kurqv7&V=9&_'::361.935784000, 'http://ping.chartbeat.net/ping?h=timesofindia.indiatimes.com&p=%2F&u=uyk2lri89189acw0&d=timesofindia.indiatimes.com&g=10538&g0=Home%20Page&n=1&f=1&c=4.3&x=0&y=5403&w=1544&j=45&R=1&W=0&I=0&E=45&b=86398&t=vyxrz4zn97kurqv7&V=9&_'::369.988984000"
243,27.60.1.124,54.225.239.76,228,359.482645000,9.0263,0,
244,27.60.1.124,50.16.231.96,76,373.590420000,-0.0000,0,
245,27.60.1.124,54.225.239.76,76,373.844312000,0.0000,0,
246,92.52.167.14,27.60.1.124,120,374.875889000,0.0007,0,
